{
	"HU": {
		"name": "ሀንጋሪ"
	},
	"HT": {
		"name": "ሀይቲ"
	},
	"IN": {
		"name": "ህንድ"
	},
	"HN": {
		"name": "ሆንዱራስ"
	},
	"HK": {
		"name": "ሆንግ ኮንግ SAR ቻይና"
	},
	"LU": {
		"name": "ሉክሰምበርግ"
	},
	"LY": {
		"name": "ሊቢያ"
	},
	"LB": {
		"name": "ሊባኖስ"
	},
	"LT": {
		"name": "ሊቱዌኒያ"
	},
	"LI": {
		"name": "ሊችተንስታይን"
	},
	"LV": {
		"name": "ላትቪያ"
	},
	"LA": {
		"name": "ላኦስ"
	},
	"LR": {
		"name": "ላይቤሪያ"
	},
	"LS": {
		"name": "ሌሶቶ"
	},
	"MK": {
		"name": "መቄዶንያ"
	},
	"FM": {
		"name": "ሚክሮኔዢያ"
	},
	"ML": {
		"name": "ማሊ"
	},
	"MW": {
		"name": "ማላዊ"
	},
	"MY": {
		"name": "ማሌዢያ"
	},
	"MT": {
		"name": "ማልታ"
	},
	"MV": {
		"name": "ማልዲቭስ"
	},
	"MH": {
		"name": "ማርሻል አይላንድ"
	},
	"MQ": {
		"name": "ማርቲኒክ"
	},
	"MO": {
		"name": "ማካኡ ልዩ የአስተዳደር ክልል ቻይና"
	},
	"MM": {
		"name": "ማይናማር(በርማ)"
	},
	"MG": {
		"name": "ማዳጋስካር"
	},
	"MX": {
		"name": "ሜክሲኮ"
	},
	"YT": {
		"name": "ሜይኦቴ"
	},
	"TL": {
		"name": "ምስራቅ ሌስት"
	},
	"EH": {
		"name": "ምዕራባዊ ሳህራ"
	},
	"MD": {
		"name": "ሞልዶቫ"
	},
	"MU": {
		"name": "ሞሪሸስ"
	},
	"MR": {
		"name": "ሞሪቴኒያ"
	},
	"MA": {
		"name": "ሞሮኮ"
	},
	"MC": {
		"name": "ሞናኮ"
	},
	"ME": {
		"name": "ሞንተኔግሮ"
	},
	"MS": {
		"name": "ሞንትሴራት"
	},
	"MN": {
		"name": "ሞንጎሊያ"
	},
	"MZ": {
		"name": "ሞዛምቢክ"
	},
	"RW": {
		"name": "ሩዋንዳ"
	},
	"RE": {
		"name": "ሪዩኒየን"
	},
	"RU": {
		"name": "ራሽያ"
	},
	"RO": {
		"name": "ሮሜኒያ"
	},
	"SB": {
		"name": "ሰሎሞን ደሴት"
	},
	"KP": {
		"name": "ሰሜን ኮሪያ"
	},
	"RS": {
		"name": "ሰርብያ"
	},
	"SO": {
		"name": "ሱማሌ"
	},
	"SR": {
		"name": "ሱሪናም"
	},
	"SZ": {
		"name": "ሱዋዚላንድ"
	},
	"SD": {
		"name": "ሱዳን"
	},
	"LK": {
		"name": "ሲሪላንካ"
	},
	"SY": {
		"name": "ሲሪያ"
	},
	"SC": {
		"name": "ሲሼልስ"
	},
	"SX": {
		"name": "ሲንት ማርተን"
	},
	"SG": {
		"name": "ሲንጋፖር"
	},
	"WS": {
		"name": "ሳሞአ"
	},
	"SM": {
		"name": "ሳን ማሪኖ"
	},
	"ST": {
		"name": "ሳኦ ቶሜ እና ፕሪንሲፔ"
	},
	"SA": {
		"name": "ሳውድአረቢያ"
	},
	"CY": {
		"name": "ሳይፕረስ"
	},
	"SL": {
		"name": "ሴራሊዮን"
	},
	"SN": {
		"name": "ሴኔጋል"
	},
	"SH": {
		"name": "ሴንት ሄለና"
	},
	"LC": {
		"name": "ሴንት ሉቺያ"
	},
	"MF": {
		"name": "ሴንት ማርቲን"
	},
	"EA": {
		"name": "ሴኡታና ሜሊላ"
	},
	"SK": {
		"name": "ስሎቫኪያ"
	},
	"SI": {
		"name": "ስሎቬኒያ"
	},
	"SJ": {
		"name": "ስቫልባርድ እና ጃን ማየን"
	},
	"CH": {
		"name": "ስዊዘርላንድ"
	},
	"SE": {
		"name": "ስዊድን"
	},
	"ES": {
		"name": "ስፔን"
	},
	"BL": {
		"name": "ቅዱስ በርቴሎሜ"
	},
	"VC": {
		"name": "ቅዱስ ቪንሴንት እና ግሬናዲንስ"
	},
	"KN": {
		"name": "ቅዱስ ኪትስ እና ኔቪስ"
	},
	"PM": {
		"name": "ቅዱስ ፒዬር እና ሚኩኤሎን"
	},
	"BT": {
		"name": "ቡህታን"
	},
	"BG": {
		"name": "ቡልጌሪያ"
	},
	"BF": {
		"name": "ቡርኪና ፋሶ"
	},
	"BS": {
		"name": "ባሃማስ"
	},
	"BH": {
		"name": "ባህሬን"
	},
	"BB": {
		"name": "ባርቤዶስ"
	},
	"BD": {
		"name": "ባንግላዲሽ"
	},
	"BZ": {
		"name": "ቤሊዘ"
	},
	"BY": {
		"name": "ቤላሩስ"
	},
	"BE": {
		"name": "ቤልጄም"
	},
	"BM": {
		"name": "ቤርሙዳ"
	},
	"BJ": {
		"name": "ቤኒን"
	},
	"BN": {
		"name": "ብሩኒ"
	},
	"BI": {
		"name": "ብሩንዲ"
	},
	"BR": {
		"name": "ብራዚል"
	},
	"BO": {
		"name": "ቦሊቪያ"
	},
	"BA": {
		"name": "ቦስኒያ እና ሄርዞጎቪኒያ"
	},
	"BW": {
		"name": "ቦትስዋና"
	},
	"VA": {
		"name": "ቫቲካን ከተማ"
	},
	"VU": {
		"name": "ቫኑአቱ"
	},
	"VN": {
		"name": "ቬትናም"
	},
	"VE": {
		"name": "ቬንዙዌላ"
	},
	"TR": {
		"name": "ቱርክ"
	},
	"TM": {
		"name": "ቱርክሜኒስታን"
	},
	"TV": {
		"name": "ቱቫሉ"
	},
	"TN": {
		"name": "ቱኒዚያ"
	},
	"TZ": {
		"name": "ታንዛኒያ"
	},
	"TH": {
		"name": "ታይላንድ"
	},
	"TW": {
		"name": "ታይዋን"
	},
	"TJ": {
		"name": "ታጃኪስታን"
	},
	"TA": {
		"name": "ትሪስታን ዲ ኩንሃ"
	},
	"TT": {
		"name": "ትሪናዳድ እና ቶቤጎ"
	},
	"TO": {
		"name": "ቶንጋ"
	},
	"TK": {
		"name": "ቶክላው"
	},
	"TG": {
		"name": "ቶጐ"
	},
	"CL": {
		"name": "ቺሊ"
	},
	"CN": {
		"name": "ቻይና"
	},
	"TD": {
		"name": "ቻድ"
	},
	"CZ": {
		"name": "ቼክ ሪፑብሊክ"
	},
	"NU": {
		"name": "ኒኡይ"
	},
	"NI": {
		"name": "ኒካራጓ"
	},
	"NC": {
		"name": "ኒው ካሌዶኒያ"
	},
	"NZ": {
		"name": "ኒው ዚላንድ"
	},
	"NE": {
		"name": "ኒጀር"
	},
	"NA": {
		"name": "ናሚቢያ"
	},
	"NR": {
		"name": "ናኡሩ"
	},
	"NG": {
		"name": "ናይጄሪያ"
	},
	"NL": {
		"name": "ኔዘርላንድ"
	},
	"NP": {
		"name": "ኔፓል"
	},
	"NO": {
		"name": "ኖርዌይ"
	},
	"NF": {
		"name": "ኖርፎልክ ደሴት"
	},
	"AL": {
		"name": "አልባኒያ"
	},
	"DZ": {
		"name": "አልጄሪያ"
	},
	"AW": {
		"name": "አሩባ"
	},
	"AM": {
		"name": "አርሜኒያ"
	},
	"AR": {
		"name": "አርጀንቲና"
	},
	"AC": {
		"name": "አሴንሽን ደሴት"
	},
	"AG": {
		"name": "አንቲጓ እና ባሩዳ"
	},
	"AQ": {
		"name": "አንታርክቲካ"
	},
	"AD": {
		"name": "አንዶራ"
	},
	"AI": {
		"name": "አንጉኢላ"
	},
	"AO": {
		"name": "አንጐላ"
	},
	"AU": {
		"name": "አውስትራልያ"
	},
	"AZ": {
		"name": "አዘርባጃን"
	},
	"IE": {
		"name": "አየርላንድ"
	},
	"IM": {
		"name": "አይል ኦፍ ማን"
	},
	"IS": {
		"name": "አይስላንድ"
	},
	"AF": {
		"name": "አፍጋኒስታን"
	},
	"UY": {
		"name": "ኡራጓይ"
	},
	"UZ": {
		"name": "ኡዝቤኪስታን"
	},
	"IQ": {
		"name": "ኢራቅ"
	},
	"IR": {
		"name": "ኢራን"
	},
	"ET": {
		"name": "ኢትዮጵያ"
	},
	"ID": {
		"name": "ኢንዶኔዢያ"
	},
	"GQ": {
		"name": "ኢኳቶሪያል ጊኒ"
	},
	"EC": {
		"name": "ኢኳዶር"
	},
	"SV": {
		"name": "ኤል ሳልቫዶር"
	},
	"ER": {
		"name": "ኤርትራ"
	},
	"EE": {
		"name": "ኤስቶኒያ"
	},
	"IL": {
		"name": "እስራኤል"
	},
	"GB": {
		"name": "እንግሊዝ"
	},
	"OM": {
		"name": "ኦማን"
	},
	"AT": {
		"name": "ኦስትሪያ"
	},
	"CW": {
		"name": "ኩራሳዎ"
	},
	"CU": {
		"name": "ኩባ"
	},
	"CK": {
		"name": "ኩክ ደሴቶች"
	},
	"KI": {
		"name": "ኪሪባቲ"
	},
	"KG": {
		"name": "ኪርጊስታን"
	},
	"CM": {
		"name": "ካሜሩን"
	},
	"KH": {
		"name": "ካምቦዲያ"
	},
	"CA": {
		"name": "ካናዳ"
	},
	"KZ": {
		"name": "ካዛኪስታን"
	},
	"KY": {
		"name": "ካይማን ደሴቶች"
	},
	"KE": {
		"name": "ኬንያ"
	},
	"CV": {
		"name": "ኬፕ ቬርዴ"
	},
	"HR": {
		"name": "ክሮኤሽያ"
	},
	"KW": {
		"name": "ክዌት"
	},
	"CO": {
		"name": "ኮሎምቢያ"
	},
	"KM": {
		"name": "ኮሞሮስ"
	},
	"CR": {
		"name": "ኮስታ ሪካ"
	},
	"XK": {
		"name": "ኮሶቮ"
	},
	"CI": {
		"name": "ኮት ዲቯር"
	},
	"CG": {
		"name": "ኮንጎ ብራዛቪል"
	},
	"CD": {
		"name": "ኮንጎ-ኪንሻሳ"
	},
	"CC": {
		"name": "ኮኮስ(ኬሊንግ) ደሴቶች"
	},
	"QA": {
		"name": "ኳታር"
	},
	"WF": {
		"name": "ዋሊስ እና ፉቱና ደሴቶች"
	},
	"ZW": {
		"name": "ዚምቧቤ"
	},
	"ZM": {
		"name": "ዛምቢያ"
	},
	"YE": {
		"name": "የመን"
	},
	"CF": {
		"name": "የመካከለኛው አፍሪካ ሪፐብሊክ"
	},
	"MP": {
		"name": "የሰሜናዊ ማሪያና ደሴቶች"
	},
	"IO": {
		"name": "የብሪታኒያ ህንድ ውቂያኖስ ግዛት"
	},
	"AE": {
		"name": "የተባበሩት አረብ ኤምሬትስ"
	},
	"TC": {
		"name": "የቱርኮችና የካኢኮስ ደሴቶች"
	},
	"AX": {
		"name": "የአላንድ ደሴቶች"
	},
	"AS": {
		"name": "የአሜሪካ ሳሞአ"
	},
	"VI": {
		"name": "የአሜሪካ ቨርጂን ደሴቶች"
	},
	"VG": {
		"name": "የእንግሊዝ ቨርጂን ደሴቶች"
	},
	"BQ": {
		"name": "የካሪቢያን ኔዘርላንድስ"
	},
	"IC": {
		"name": "የካናሪ ደሴቶች"
	},
	"UM": {
		"name": "የዩ ኤስ ጠረፍ ላይ ያሉ ደሴቶች"
	},
	"CX": {
		"name": "የገና ደሴት"
	},
	"TF": {
		"name": "የፈረንሳይ ደቡባዊ ግዛቶች"
	},
	"GF": {
		"name": "የፈረንሳይ ጉዊአና"
	},
	"PF": {
		"name": "የፈረንሳይ ፖሊኔዢያ"
	},
	"FO": {
		"name": "የፋሮ ደሴቶች"
	},
	"PS": {
		"name": "የፍልስጤም ግዛት"
	},
	"FK": {
		"name": "የፎክላንድ ደሴቶች"
	},
	"US": {
		"name": "ዩናይትድ ስቴትስ"
	},
	"UA": {
		"name": "ዩክሬን"
	},
	"UG": {
		"name": "ዩጋንዳ"
	},
	"SS": {
		"name": "ደቡብ ሱዳን"
	},
	"ZA": {
		"name": "ደቡብ አፍሪካ"
	},
	"KR": {
		"name": "ደቡብ ኮሪያ"
	},
	"GS": {
		"name": "ደቡብ ጆርጂያ እና የደቡብ ሳንድዊች ደሴቶች"
	},
	"DG": {
		"name": "ዲዬጎ ጋርሺያ"
	},
	"DK": {
		"name": "ዴንማርክ"
	},
	"DM": {
		"name": "ዶሚኒካ"
	},
	"DO": {
		"name": "ዶሚኒክ ሪፑብሊክ"
	},
	"DE": {
		"name": "ጀርመን"
	},
	"JE": {
		"name": "ጀርሲ"
	},
	"DJ": {
		"name": "ጂቡቲ"
	},
	"GI": {
		"name": "ጂብራልተር"
	},
	"JM": {
		"name": "ጃማይካ"
	},
	"JP": {
		"name": "ጃፓን"
	},
	"JO": {
		"name": "ጆርዳን"
	},
	"GE": {
		"name": "ጆርጂያ"
	},
	"GG": {
		"name": "ጉርነሲ"
	},
	"GU": {
		"name": "ጉዋም"
	},
	"GT": {
		"name": "ጉዋቲማላ"
	},
	"GP": {
		"name": "ጉዋደሉፕ"
	},
	"GY": {
		"name": "ጉያና"
	},
	"GN": {
		"name": "ጊኒ"
	},
	"GW": {
		"name": "ጊኒ ቢሳኦ"
	},
	"GM": {
		"name": "ጋምቢያ"
	},
	"GA": {
		"name": "ጋቦን"
	},
	"GH": {
		"name": "ጋና"
	},
	"GL": {
		"name": "ግሪንላንድ"
	},
	"GR": {
		"name": "ግሪክ"
	},
	"GD": {
		"name": "ግሬናዳ"
	},
	"EG": {
		"name": "ግብጽ"
	},
	"IT": {
		"name": "ጣሊያን"
	},
	"FR": {
		"name": "ፈረንሳይ"
	},
	"PH": {
		"name": "ፊሊፒንስ"
	},
	"FI": {
		"name": "ፊንላንድ"
	},
	"FJ": {
		"name": "ፊጂ"
	},
	"PN": {
		"name": "ፒትካኢርን አይስላንድ"
	},
	"PW": {
		"name": "ፓላው"
	},
	"PY": {
		"name": "ፓራጓይ"
	},
	"PA": {
		"name": "ፓናማ"
	},
	"PK": {
		"name": "ፓኪስታን"
	},
	"PG": {
		"name": "ፓፑዋ ኒው ጊኒ"
	},
	"PE": {
		"name": "ፔሩ"
	},
	"PL": {
		"name": "ፖላንድ"
	},
	"PT": {
		"name": "ፖርቱጋል"
	},
	"PR": {
		"name": "ፖርታ ሪኮ"
	}
}