{
	"AU": {
		"name": "Австралия"
	},
	"AT": {
		"name": "Австрия"
	},
	"AZ": {
		"name": "Азербайджан"
	},
	"AL": {
		"name": "Албания"
	},
	"DZ": {
		"name": "Алжир"
	},
	"AS": {
		"name": "Американска Самоа"
	},
	"VI": {
		"name": "Американски Вирджински острови"
	},
	"AO": {
		"name": "Ангола"
	},
	"AI": {
		"name": "Ангуила"
	},
	"AD": {
		"name": "Андора"
	},
	"AQ": {
		"name": "Антарктика"
	},
	"AG": {
		"name": "Антигуа и Барбуда"
	},
	"AR": {
		"name": "Аржентина"
	},
	"AM": {
		"name": "Армения"
	},
	"AW": {
		"name": "Аруба"
	},
	"AF": {
		"name": "Афганистан"
	},
	"BD": {
		"name": "Бангладеш"
	},
	"BB": {
		"name": "Барбадос"
	},
	"BS": {
		"name": "Бахами"
	},
	"BH": {
		"name": "Бахрейн"
	},
	"BY": {
		"name": "Беларус"
	},
	"BE": {
		"name": "Белгия"
	},
	"BZ": {
		"name": "Белиз"
	},
	"BJ": {
		"name": "Бенин"
	},
	"BM": {
		"name": "Бермуда"
	},
	"BO": {
		"name": "Боливия"
	},
	"BA": {
		"name": "Босна и Херцеговина"
	},
	"BW": {
		"name": "Ботсвана"
	},
	"BR": {
		"name": "Бразилия"
	},
	"IO": {
		"name": "Британска територия в Индийския океан"
	},
	"VG": {
		"name": "Британски Вирджински острови"
	},
	"BN": {
		"name": "Бруней Даруссалам"
	},
	"BF": {
		"name": "Буркина Фасо"
	},
	"BI": {
		"name": "Бурунди"
	},
	"BT": {
		"name": "Бутан"
	},
	"BG": {
		"name": "България"
	},
	"VU": {
		"name": "Вануату"
	},
	"VA": {
		"name": "Ватикан"
	},
	"VE": {
		"name": "Венецуела"
	},
	"VN": {
		"name": "Виетнам"
	},
	"GA": {
		"name": "Габон"
	},
	"GM": {
		"name": "Гамбия"
	},
	"GH": {
		"name": "Гана"
	},
	"GY": {
		"name": "Гаяна"
	},
	"GP": {
		"name": "Гваделупа"
	},
	"GT": {
		"name": "Гватемала"
	},
	"GN": {
		"name": "Гвинея"
	},
	"GW": {
		"name": "Гвинея-Бисау"
	},
	"DE": {
		"name": "Германия"
	},
	"GI": {
		"name": "Гибралтар"
	},
	"GD": {
		"name": "Гренада"
	},
	"GL": {
		"name": "Гренландия"
	},
	"GE": {
		"name": "Грузия"
	},
	"GU": {
		"name": "Гуам"
	},
	"GG": {
		"name": "Гърнзи"
	},
	"GR": {
		"name": "Гърция"
	},
	"DK": {
		"name": "Дания"
	},
	"DJ": {
		"name": "Джибути"
	},
	"JE": {
		"name": "Джърси"
	},
	"DG": {
		"name": "Диего Гарсия"
	},
	"DM": {
		"name": "Доминика"
	},
	"DO": {
		"name": "Доминиканска република"
	},
	"EG": {
		"name": "Египет"
	},
	"EC": {
		"name": "Еквадор"
	},
	"GQ": {
		"name": "Екваториална Гвинея"
	},
	"ER": {
		"name": "Еритрея"
	},
	"EE": {
		"name": "Естония"
	},
	"ET": {
		"name": "Етиопия"
	},
	"ZM": {
		"name": "Замбия"
	},
	"EH": {
		"name": "Западна Сахара"
	},
	"ZW": {
		"name": "Зимбабве"
	},
	"IL": {
		"name": "Израел"
	},
	"TL": {
		"name": "Източен Тимор"
	},
	"IN": {
		"name": "Индия"
	},
	"ID": {
		"name": "Индонезия"
	},
	"IQ": {
		"name": "Ирак"
	},
	"IR": {
		"name": "Иран"
	},
	"IE": {
		"name": "Ирландия"
	},
	"IS": {
		"name": "Исландия"
	},
	"ES": {
		"name": "Испания"
	},
	"IT": {
		"name": "Италия"
	},
	"YE": {
		"name": "Йемен"
	},
	"JO": {
		"name": "Йордания"
	},
	"CV": {
		"name": "Кабо Верде"
	},
	"KZ": {
		"name": "Казахстан"
	},
	"KY": {
		"name": "Кайманови острови"
	},
	"KH": {
		"name": "Камбоджа"
	},
	"CM": {
		"name": "Камерун"
	},
	"CA": {
		"name": "Канада"
	},
	"IC": {
		"name": "Канарски острови"
	},
	"BQ": {
		"name": "Карибска Нидерландия"
	},
	"QA": {
		"name": "Катар"
	},
	"KE": {
		"name": "Кения"
	},
	"CY": {
		"name": "Кипър"
	},
	"KG": {
		"name": "Киргизстан"
	},
	"KI": {
		"name": "Кирибати"
	},
	"CN": {
		"name": "Китай"
	},
	"CC": {
		"name": "Кокосови острови (острови Кийлинг)"
	},
	"CO": {
		"name": "Колумбия"
	},
	"KM": {
		"name": "Коморски острови"
	},
	"CG": {
		"name": "Конго (Бразавил)"
	},
	"CD": {
		"name": "Конго (Киншаса)"
	},
	"XK": {
		"name": "Косово"
	},
	"CR": {
		"name": "Коста Рика"
	},
	"CI": {
		"name": "Кот д’Ивоар"
	},
	"CU": {
		"name": "Куба"
	},
	"KW": {
		"name": "Кувейт"
	},
	"CW": {
		"name": "Кюрасао"
	},
	"LA": {
		"name": "Лаос"
	},
	"LV": {
		"name": "Латвия"
	},
	"LS": {
		"name": "Лесото"
	},
	"LR": {
		"name": "Либерия"
	},
	"LY": {
		"name": "Либия"
	},
	"LB": {
		"name": "Ливан"
	},
	"LT": {
		"name": "Литва"
	},
	"LI": {
		"name": "Лихтенщайн"
	},
	"LU": {
		"name": "Люксембург"
	},
	"MR": {
		"name": "Мавритания"
	},
	"MU": {
		"name": "Мавриций"
	},
	"MG": {
		"name": "Мадагаскар"
	},
	"YT": {
		"name": "Майот"
	},
	"MO": {
		"name": "Макао, САР на Китай"
	},
	"MK": {
		"name": "Македония"
	},
	"MW": {
		"name": "Малави"
	},
	"MY": {
		"name": "Малайзия"
	},
	"MV": {
		"name": "Малдиви"
	},
	"ML": {
		"name": "Мали"
	},
	"MT": {
		"name": "Малта"
	},
	"MA": {
		"name": "Мароко"
	},
	"MQ": {
		"name": "Мартиника"
	},
	"MH": {
		"name": "Маршалови острови"
	},
	"MX": {
		"name": "Мексико"
	},
	"MM": {
		"name": "Мианмар (Бирма)"
	},
	"FM": {
		"name": "Микронезия"
	},
	"MZ": {
		"name": "Мозамбик"
	},
	"MD": {
		"name": "Молдова"
	},
	"MC": {
		"name": "Монако"
	},
	"MN": {
		"name": "Монголия"
	},
	"MS": {
		"name": "Монтсерат"
	},
	"NA": {
		"name": "Намибия"
	},
	"NR": {
		"name": "Науру"
	},
	"NP": {
		"name": "Непал"
	},
	"NE": {
		"name": "Нигер"
	},
	"NG": {
		"name": "Нигерия"
	},
	"NL": {
		"name": "Нидерландия"
	},
	"NI": {
		"name": "Никарагуа"
	},
	"NU": {
		"name": "Ниуе"
	},
	"NZ": {
		"name": "Нова Зеландия"
	},
	"NC": {
		"name": "Нова Каледония"
	},
	"NO": {
		"name": "Норвегия"
	},
	"AE": {
		"name": "Обединени арабски емирства"
	},
	"GB": {
		"name": "Обединеното кралство"
	},
	"AX": {
		"name": "Оландски острови"
	},
	"OM": {
		"name": "Оман"
	},
	"AC": {
		"name": "остров Възнесение"
	},
	"IM": {
		"name": "остров Ман"
	},
	"NF": {
		"name": "остров Норфолк"
	},
	"CX": {
		"name": "остров Рождество"
	},
	"CK": {
		"name": "острови Кук"
	},
	"PN": {
		"name": "Острови Питкерн"
	},
	"TC": {
		"name": "острови Търкс и Кайкос"
	},
	"UM": {
		"name": "Отдалечени острови на САЩ"
	},
	"PK": {
		"name": "Пакистан"
	},
	"PW": {
		"name": "Палау"
	},
	"PS": {
		"name": "Палестински територии"
	},
	"PA": {
		"name": "Панама"
	},
	"PG": {
		"name": "Папуа-Нова Гвинея"
	},
	"PY": {
		"name": "Парагвай"
	},
	"PE": {
		"name": "Перу"
	},
	"PL": {
		"name": "Полша"
	},
	"PT": {
		"name": "Португалия"
	},
	"PR": {
		"name": "Пуерто Рико"
	},
	"RE": {
		"name": "Реюнион"
	},
	"RW": {
		"name": "Руанда"
	},
	"RO": {
		"name": "Румъния"
	},
	"RU": {
		"name": "Русия"
	},
	"SV": {
		"name": "Салвадор"
	},
	"WS": {
		"name": "Самоа"
	},
	"SM": {
		"name": "Сан Марино"
	},
	"ST": {
		"name": "Сао Томе и Принсипи"
	},
	"SA": {
		"name": "Саудитска Арабия"
	},
	"SZ": {
		"name": "Свазиленд"
	},
	"SJ": {
		"name": "Свалбард и Ян Майен"
	},
	"SH": {
		"name": "Света Елена"
	},
	"KP": {
		"name": "Северна Корея"
	},
	"MP": {
		"name": "Северни Мариански острови"
	},
	"VC": {
		"name": "Сейнт Винсънт и Гренадини"
	},
	"KN": {
		"name": "Сейнт Китс и Невис"
	},
	"LC": {
		"name": "Сейнт Лусия"
	},
	"SC": {
		"name": "Сейшели"
	},
	"BL": {
		"name": "Сен Бартелеми"
	},
	"MF": {
		"name": "Сен Мартен"
	},
	"PM": {
		"name": "Сен Пиер и Микелон"
	},
	"SN": {
		"name": "Сенегал"
	},
	"EA": {
		"name": "Сеута и Мелия"
	},
	"SL": {
		"name": "Сиера Леоне"
	},
	"SG": {
		"name": "Сингапур"
	},
	"SX": {
		"name": "Синт Мартен"
	},
	"SY": {
		"name": "Сирия"
	},
	"SK": {
		"name": "Словакия"
	},
	"SI": {
		"name": "Словения"
	},
	"SB": {
		"name": "Соломонови острови"
	},
	"SO": {
		"name": "Сомалия"
	},
	"SD": {
		"name": "Судан"
	},
	"SR": {
		"name": "Суринам"
	},
	"US": {
		"name": "Съединени щати"
	},
	"RS": {
		"name": "Сърбия"
	},
	"TJ": {
		"name": "Таджикистан"
	},
	"TW": {
		"name": "Тайван"
	},
	"TH": {
		"name": "Тайланд"
	},
	"TZ": {
		"name": "Танзания"
	},
	"TG": {
		"name": "Того"
	},
	"TK": {
		"name": "Токелау"
	},
	"TO": {
		"name": "Тонга"
	},
	"TT": {
		"name": "Тринидад и Тобаго"
	},
	"TA": {
		"name": "Тристан да Куня"
	},
	"TV": {
		"name": "Тувалу"
	},
	"TN": {
		"name": "Тунис"
	},
	"TM": {
		"name": "Туркменистан"
	},
	"TR": {
		"name": "Турция"
	},
	"UG": {
		"name": "Уганда"
	},
	"UZ": {
		"name": "Узбекистан"
	},
	"UA": {
		"name": "Украйна"
	},
	"HU": {
		"name": "Унгария"
	},
	"WF": {
		"name": "Уолис и Футуна"
	},
	"UY": {
		"name": "Уругвай"
	},
	"FO": {
		"name": "Фарьорски острови"
	},
	"FJ": {
		"name": "Фиджи"
	},
	"PH": {
		"name": "Филипини"
	},
	"FI": {
		"name": "Финландия"
	},
	"FK": {
		"name": "Фолклендски острови"
	},
	"FR": {
		"name": "Франция"
	},
	"GF": {
		"name": "Френска Гвиана"
	},
	"PF": {
		"name": "Френска Полинезия"
	},
	"TF": {
		"name": "Френски южни територии"
	},
	"HT": {
		"name": "Хаити"
	},
	"HN": {
		"name": "Хондурас"
	},
	"HK": {
		"name": "Хонконг, САР на Китай"
	},
	"HR": {
		"name": "Хърватия"
	},
	"CF": {
		"name": "Централноафриканска република"
	},
	"TD": {
		"name": "Чад"
	},
	"ME": {
		"name": "Черна гора"
	},
	"CZ": {
		"name": "Чешка република"
	},
	"CL": {
		"name": "Чили"
	},
	"CH": {
		"name": "Швейцария"
	},
	"SE": {
		"name": "Швеция"
	},
	"LK": {
		"name": "Шри Ланка"
	},
	"SS": {
		"name": "Южен Судан"
	},
	"ZA": {
		"name": "Южна Африка"
	},
	"GS": {
		"name": "Южна Джорджия и Южни Сандвичеви острови"
	},
	"KR": {
		"name": "Южна Корея"
	},
	"JM": {
		"name": "Ямайка"
	},
	"JP": {
		"name": "Япония"
	}
}