{
	"AF": {
		"name": "Afganistan"
	},
	"CF": {
		"name": "Afrika Erdiko Errepublika"
	},
	"AX": {
		"name": "Aland uharteak"
	},
	"AL": {
		"name": "Albania"
	},
	"DE": {
		"name": "Alemania"
	},
	"DZ": {
		"name": "Aljeria"
	},
	"AS": {
		"name": "Amerikar Samoa"
	},
	"US": {
		"name": "Ameriketako Estatu Batuak"
	},
	"UM": {
		"name": "Ameriketako Estatu Batuetako Kanpoaldeko Uharte Txikiak"
	},
	"AD": {
		"name": "Andorra"
	},
	"AI": {
		"name": "Angila"
	},
	"AO": {
		"name": "Angola"
	},
	"AQ": {
		"name": "Antartika"
	},
	"AG": {
		"name": "Antigua eta Barbuda"
	},
	"AE": {
		"name": "Arabiar Emirerri Batuak"
	},
	"AR": {
		"name": "Argentina"
	},
	"AM": {
		"name": "Armenia"
	},
	"AW": {
		"name": "Aruba"
	},
	"AC": {
		"name": "Ascension uhartea"
	},
	"AU": {
		"name": "Australia"
	},
	"AT": {
		"name": "Austria"
	},
	"AZ": {
		"name": "Azerbaijan"
	},
	"BS": {
		"name": "Bahamak"
	},
	"BH": {
		"name": "Bahrain"
	},
	"BD": {
		"name": "Bangladesh"
	},
	"BB": {
		"name": "Barbados"
	},
	"BE": {
		"name": "Belgika"
	},
	"BZ": {
		"name": "Belize"
	},
	"BJ": {
		"name": "Benin"
	},
	"BM": {
		"name": "Bermuda"
	},
	"BT": {
		"name": "Bhutan"
	},
	"BY": {
		"name": "Bielorrusia"
	},
	"VI": {
		"name": "Birjina uharte amerikarrak"
	},
	"VG": {
		"name": "Birjina uharte britainiarrak"
	},
	"CI": {
		"name": "Boli Kosta"
	},
	"BO": {
		"name": "Bolivia"
	},
	"BA": {
		"name": "Bosnia-Herzegovina"
	},
	"BW": {
		"name": "Botswana"
	},
	"BR": {
		"name": "Brasil"
	},
	"BN": {
		"name": "Brunei"
	},
	"BG": {
		"name": "Bulgaria"
	},
	"BF": {
		"name": "Burkina Faso"
	},
	"BI": {
		"name": "Burundi"
	},
	"CV": {
		"name": "Cabo Verde"
	},
	"EA": {
		"name": "Ceuta eta Melilla"
	},
	"CX": {
		"name": "Christmas uhartea"
	},
	"CC": {
		"name": "Cocos uharteak"
	},
	"CK": {
		"name": "Cook uharteak"
	},
	"CR": {
		"name": "Costa Rica"
	},
	"CW": {
		"name": "Curaçao"
	},
	"DK": {
		"name": "Danimarka"
	},
	"DG": {
		"name": "Diego Garcia"
	},
	"DJ": {
		"name": "Djibuti"
	},
	"DM": {
		"name": "Dominika"
	},
	"DO": {
		"name": "Dominikar Errepublika"
	},
	"EG": {
		"name": "Egipto"
	},
	"TL": {
		"name": "Ekialdeko Timor"
	},
	"EC": {
		"name": "Ekuador"
	},
	"GQ": {
		"name": "Ekuatore Ginea"
	},
	"SV": {
		"name": "El Salvador"
	},
	"ER": {
		"name": "Eritrea"
	},
	"GB": {
		"name": "Erresuma Batua"
	},
	"RO": {
		"name": "Errumania"
	},
	"RU": {
		"name": "Errusia"
	},
	"SK": {
		"name": "Eslovakia"
	},
	"SI": {
		"name": "Eslovenia"
	},
	"ES": {
		"name": "Espainia"
	},
	"EE": {
		"name": "Estonia"
	},
	"ET": {
		"name": "Etiopia"
	},
	"FO": {
		"name": "Faroe uharteak"
	},
	"FJ": {
		"name": "Fiji"
	},
	"PH": {
		"name": "Filipinak"
	},
	"FI": {
		"name": "Finlandia"
	},
	"FR": {
		"name": "Frantzia"
	},
	"GA": {
		"name": "Gabon"
	},
	"GM": {
		"name": "Gambia"
	},
	"GE": {
		"name": "Georgia"
	},
	"GH": {
		"name": "Ghana"
	},
	"GI": {
		"name": "Gibraltar"
	},
	"GN": {
		"name": "Ginea"
	},
	"GW": {
		"name": "Ginea-Bissau"
	},
	"GD": {
		"name": "Grenada"
	},
	"GR": {
		"name": "Grezia"
	},
	"GL": {
		"name": "Groenlandia"
	},
	"GP": {
		"name": "Guadalupe"
	},
	"GU": {
		"name": "Guam"
	},
	"GT": {
		"name": "Guatemala"
	},
	"GG": {
		"name": "Guernesey"
	},
	"GY": {
		"name": "Guyana"
	},
	"GF": {
		"name": "Guyana Frantsesa"
	},
	"HT": {
		"name": "Haiti"
	},
	"KR": {
		"name": "Hego Korea"
	},
	"SS": {
		"name": "Hego Sudan"
	},
	"ZA": {
		"name": "Hegoafrika"
	},
	"GS": {
		"name": "Hegoaldeko Georgia eta Hegoaldeko Sandwich uharteak"
	},
	"TF": {
		"name": "Hegoaldeko lurralde frantsesak"
	},
	"NL": {
		"name": "Herbehereak"
	},
	"HN": {
		"name": "Honduras"
	},
	"HK": {
		"name": "Hong Kong AEB Txina"
	},
	"HU": {
		"name": "Hungaria"
	},
	"IN": {
		"name": "India"
	},
	"IO": {
		"name": "Indiako Ozeanoko lurralde britainiarra"
	},
	"ID": {
		"name": "Indonesia"
	},
	"KP": {
		"name": "Ipar Korea"
	},
	"MP": {
		"name": "Iparraldeko Mariana uharteak"
	},
	"IQ": {
		"name": "Irak"
	},
	"IR": {
		"name": "Iran"
	},
	"IE": {
		"name": "Irlanda"
	},
	"IS": {
		"name": "Islandia"
	},
	"IL": {
		"name": "Israel"
	},
	"IT": {
		"name": "Italia"
	},
	"JM": {
		"name": "Jamaika"
	},
	"JP": {
		"name": "Japonia"
	},
	"JE": {
		"name": "Jersey"
	},
	"JO": {
		"name": "Jordania"
	},
	"KY": {
		"name": "Kaiman uharteak"
	},
	"NC": {
		"name": "Kaledonia Berria"
	},
	"CM": {
		"name": "Kamerun"
	},
	"CA": {
		"name": "Kanada"
	},
	"IC": {
		"name": "Kanariak"
	},
	"KH": {
		"name": "Kanbodia"
	},
	"BQ": {
		"name": "Karibeko Herbehereak"
	},
	"KZ": {
		"name": "Kazakhstan"
	},
	"KE": {
		"name": "Kenya"
	},
	"KG": {
		"name": "Kirgizistan"
	},
	"KI": {
		"name": "Kiribati"
	},
	"CO": {
		"name": "Kolonbia"
	},
	"KM": {
		"name": "Komoreak"
	},
	"CG": {
		"name": "Kongo (Brazzaville)"
	},
	"CD": {
		"name": "Kongoko Errepublika Demokratikoa"
	},
	"XK": {
		"name": "Kosovo"
	},
	"HR": {
		"name": "Kroazia"
	},
	"CU": {
		"name": "Kuba"
	},
	"KW": {
		"name": "Kuwait"
	},
	"LA": {
		"name": "Laos"
	},
	"LS": {
		"name": "Lesotho"
	},
	"LV": {
		"name": "Letonia"
	},
	"LB": {
		"name": "Libano"
	},
	"LR": {
		"name": "Liberia"
	},
	"LY": {
		"name": "Libia"
	},
	"LI": {
		"name": "Liechtenstein"
	},
	"LT": {
		"name": "Lituania"
	},
	"LU": {
		"name": "Luxenburgo"
	},
	"MO": {
		"name": "Macau AEB Txina"
	},
	"MG": {
		"name": "Madagaskar"
	},
	"MW": {
		"name": "Malawi"
	},
	"MY": {
		"name": "Malaysia"
	},
	"MV": {
		"name": "Maldivak"
	},
	"ML": {
		"name": "Mali"
	},
	"MT": {
		"name": "Malta"
	},
	"FK": {
		"name": "Malvinak"
	},
	"IM": {
		"name": "Man uhartea"
	},
	"MA": {
		"name": "Maroko"
	},
	"MH": {
		"name": "Marshall uharteak"
	},
	"MQ": {
		"name": "Martinika"
	},
	"MR": {
		"name": "Mauritania"
	},
	"MU": {
		"name": "Maurizio"
	},
	"YT": {
		"name": "Mayotte"
	},
	"MK": {
		"name": "Mazedonia"
	},
	"EH": {
		"name": "Mendebaldeko Sahara"
	},
	"MX": {
		"name": "Mexiko"
	},
	"FM": {
		"name": "Mikronesia"
	},
	"MD": {
		"name": "Moldavia"
	},
	"MC": {
		"name": "Monako"
	},
	"MN": {
		"name": "Mongolia"
	},
	"ME": {
		"name": "Montenegro"
	},
	"MS": {
		"name": "Montserrat"
	},
	"MZ": {
		"name": "Mozambike"
	},
	"MM": {
		"name": "Myanmar"
	},
	"NA": {
		"name": "Namibia"
	},
	"NR": {
		"name": "Nauru"
	},
	"NP": {
		"name": "Nepal"
	},
	"NE": {
		"name": "Niger"
	},
	"NG": {
		"name": "Nigeria"
	},
	"NI": {
		"name": "Nikaragua"
	},
	"NU": {
		"name": "Niue"
	},
	"NF": {
		"name": "Norfolk uhartea"
	},
	"NO": {
		"name": "Norvegia"
	},
	"OM": {
		"name": "Oman"
	},
	"PK": {
		"name": "Pakistan"
	},
	"PW": {
		"name": "Palau"
	},
	"PS": {
		"name": "Palestinako Lurraldeak"
	},
	"PA": {
		"name": "Panama"
	},
	"PG": {
		"name": "Papua Ginea Berria"
	},
	"PY": {
		"name": "Paraguai"
	},
	"PE": {
		"name": "Peru"
	},
	"PN": {
		"name": "Pitcairn uharteak"
	},
	"PF": {
		"name": "Polinesia Frantsesa"
	},
	"PL": {
		"name": "Polonia"
	},
	"PT": {
		"name": "Portugal"
	},
	"PR": {
		"name": "Puerto Rico"
	},
	"QA": {
		"name": "Qatar"
	},
	"RE": {
		"name": "Reunion"
	},
	"RW": {
		"name": "Ruanda"
	},
	"BL": {
		"name": "Saint Barthélemy"
	},
	"SH": {
		"name": "Saint Helena"
	},
	"KN": {
		"name": "Saint Kitts eta Nevis"
	},
	"MF": {
		"name": "Saint Martin"
	},
	"VC": {
		"name": "Saint Vincent eta Grenadinak"
	},
	"PM": {
		"name": "Saint-Pierre eta Mikelune"
	},
	"SB": {
		"name": "Salomon uharteak"
	},
	"WS": {
		"name": "Samoa"
	},
	"SM": {
		"name": "San Marino"
	},
	"LC": {
		"name": "Santa Luzia"
	},
	"ST": {
		"name": "Sao Tome eta Principe"
	},
	"SA": {
		"name": "Saudi Arabia"
	},
	"SN": {
		"name": "Senegal"
	},
	"RS": {
		"name": "Serbia"
	},
	"SC": {
		"name": "Seychelleak"
	},
	"SL": {
		"name": "Sierra Leona"
	},
	"SG": {
		"name": "Singapur"
	},
	"SX": {
		"name": "Sint Maarten"
	},
	"SY": {
		"name": "Siria"
	},
	"SO": {
		"name": "Somalia"
	},
	"LK": {
		"name": "Sri Lanka"
	},
	"SD": {
		"name": "Sudan"
	},
	"SE": {
		"name": "Suedia"
	},
	"CH": {
		"name": "Suitza"
	},
	"SR": {
		"name": "Surinam"
	},
	"SJ": {
		"name": "Svalbard eta Jan Mayen uharteak"
	},
	"SZ": {
		"name": "Swazilandia"
	},
	"TW": {
		"name": "Taiwan"
	},
	"TJ": {
		"name": "Tajikistan"
	},
	"TZ": {
		"name": "Tanzania"
	},
	"TH": {
		"name": "Thailandia"
	},
	"TG": {
		"name": "Togo"
	},
	"TK": {
		"name": "Tokelau"
	},
	"TO": {
		"name": "Tonga"
	},
	"TT": {
		"name": "Trinidad eta Tobago"
	},
	"TA": {
		"name": "Tristan da Cunha"
	},
	"TN": {
		"name": "Tunisia"
	},
	"TC": {
		"name": "Turk eta Caicos uharteak"
	},
	"TR": {
		"name": "Turkia"
	},
	"TM": {
		"name": "Turkmenistan"
	},
	"TV": {
		"name": "Tuvalu"
	},
	"TD": {
		"name": "Txad"
	},
	"CZ": {
		"name": "Txekiar Errepublika"
	},
	"CL": {
		"name": "Txile"
	},
	"CN": {
		"name": "Txina"
	},
	"UG": {
		"name": "Uganda"
	},
	"UA": {
		"name": "Ukraina"
	},
	"UY": {
		"name": "Uruguai"
	},
	"UZ": {
		"name": "Uzbekistan"
	},
	"VU": {
		"name": "Vanuatu"
	},
	"VA": {
		"name": "Vatikano Hiria"
	},
	"VE": {
		"name": "Venezuela"
	},
	"VN": {
		"name": "Vietnam"
	},
	"WF": {
		"name": "Wallis eta Futuna"
	},
	"YE": {
		"name": "Yemen"
	},
	"ZM": {
		"name": "Zambia"
	},
	"NZ": {
		"name": "Zeelanda Berria"
	},
	"ZW": {
		"name": "Zimbabwe"
	},
	"CY": {
		"name": "Zipre"
	}
}