{
	"AF": {
		"name": "Afganistan"
	},
	"AX": {
		"name": "Ahvenanmaa"
	},
	"NL": {
		"name": "Alankomaat"
	},
	"AL": {
		"name": "Albania"
	},
	"DZ": {
		"name": "Algeria"
	},
	"AS": {
		"name": "Amerikan Samoa"
	},
	"AD": {
		"name": "Andorra"
	},
	"AO": {
		"name": "Angola"
	},
	"AI": {
		"name": "Anguilla"
	},
	"AQ": {
		"name": "Antarktis"
	},
	"AG": {
		"name": "Antigua ja Barbuda"
	},
	"AE": {
		"name": "Arabiemiirikunnat"
	},
	"AR": {
		"name": "Argentiina"
	},
	"AM": {
		"name": "Armenia"
	},
	"AW": {
		"name": "Aruba"
	},
	"AC": {
		"name": "Ascension-saari"
	},
	"AU": {
		"name": "Australia"
	},
	"AZ": {
		"name": "Azerbaidžan"
	},
	"BS": {
		"name": "Bahama"
	},
	"BH": {
		"name": "Bahrain"
	},
	"BD": {
		"name": "Bangladesh"
	},
	"BB": {
		"name": "Barbados"
	},
	"BE": {
		"name": "Belgia"
	},
	"BZ": {
		"name": "Belize"
	},
	"BJ": {
		"name": "Benin"
	},
	"BM": {
		"name": "Bermuda"
	},
	"BT": {
		"name": "Bhutan"
	},
	"BO": {
		"name": "Bolivia"
	},
	"BA": {
		"name": "Bosnia ja Hertsegovina"
	},
	"BW": {
		"name": "Botswana"
	},
	"BR": {
		"name": "Brasilia"
	},
	"IO": {
		"name": "Brittiläinen Intian valtameren alue"
	},
	"VG": {
		"name": "Brittiläiset Neitsytsaaret"
	},
	"BN": {
		"name": "Brunei"
	},
	"BG": {
		"name": "Bulgaria"
	},
	"BF": {
		"name": "Burkina Faso"
	},
	"BI": {
		"name": "Burundi"
	},
	"KY": {
		"name": "Caymansaaret"
	},
	"EA": {
		"name": "Ceuta ja Melilla"
	},
	"CL": {
		"name": "Chile"
	},
	"CK": {
		"name": "Cookinsaaret"
	},
	"CR": {
		"name": "Costa Rica"
	},
	"CW": {
		"name": "Curaçao"
	},
	"DG": {
		"name": "Diego Garcia"
	},
	"DJ": {
		"name": "Djibouti"
	},
	"DM": {
		"name": "Dominica"
	},
	"DO": {
		"name": "Dominikaaninen tasavalta"
	},
	"EC": {
		"name": "Ecuador"
	},
	"EG": {
		"name": "Egypti"
	},
	"SV": {
		"name": "El Salvador"
	},
	"ER": {
		"name": "Eritrea"
	},
	"ES": {
		"name": "Espanja"
	},
	"ZA": {
		"name": "Etelä-Afrikka"
	},
	"GS": {
		"name": "Etelä-Georgia ja Eteläiset Sandwichsaaret"
	},
	"KR": {
		"name": "Etelä-Korea"
	},
	"SS": {
		"name": "Etelä-Sudan"
	},
	"ET": {
		"name": "Etiopia"
	},
	"FK": {
		"name": "Falklandinsaaret"
	},
	"FJ": {
		"name": "Fidži"
	},
	"PH": {
		"name": "Filippiinit"
	},
	"FO": {
		"name": "Färsaaret"
	},
	"GA": {
		"name": "Gabon"
	},
	"GM": {
		"name": "Gambia"
	},
	"GE": {
		"name": "Georgia"
	},
	"GH": {
		"name": "Ghana"
	},
	"GI": {
		"name": "Gibraltar"
	},
	"GD": {
		"name": "Grenada"
	},
	"GL": {
		"name": "Grönlanti"
	},
	"GP": {
		"name": "Guadeloupe"
	},
	"GU": {
		"name": "Guam"
	},
	"GT": {
		"name": "Guatemala"
	},
	"GG": {
		"name": "Guernsey"
	},
	"GN": {
		"name": "Guinea"
	},
	"GW": {
		"name": "Guinea-Bissau"
	},
	"GY": {
		"name": "Guyana"
	},
	"HT": {
		"name": "Haiti"
	},
	"HN": {
		"name": "Honduras"
	},
	"HK": {
		"name": "Hongkong – Kiinan e.h.a."
	},
	"SJ": {
		"name": "Huippuvuoret ja Jan Mayen"
	},
	"ID": {
		"name": "Indonesia"
	},
	"IN": {
		"name": "Intia"
	},
	"IQ": {
		"name": "Irak"
	},
	"IR": {
		"name": "Iran"
	},
	"IE": {
		"name": "Irlanti"
	},
	"IS": {
		"name": "Islanti"
	},
	"GB": {
		"name": "Iso-Britannia"
	},
	"IL": {
		"name": "Israel"
	},
	"IT": {
		"name": "Italia"
	},
	"TL": {
		"name": "Itä-Timor"
	},
	"AT": {
		"name": "Itävalta"
	},
	"JM": {
		"name": "Jamaika"
	},
	"JP": {
		"name": "Japani"
	},
	"YE": {
		"name": "Jemen"
	},
	"JE": {
		"name": "Jersey"
	},
	"JO": {
		"name": "Jordania"
	},
	"CX": {
		"name": "Joulusaari"
	},
	"KH": {
		"name": "Kambodža"
	},
	"CM": {
		"name": "Kamerun"
	},
	"CA": {
		"name": "Kanada"
	},
	"IC": {
		"name": "Kanariansaaret"
	},
	"CV": {
		"name": "Kap Verde"
	},
	"BQ": {
		"name": "Karibian Alankomaat"
	},
	"KZ": {
		"name": "Kazakstan"
	},
	"KE": {
		"name": "Kenia"
	},
	"CF": {
		"name": "Keski-Afrikan tasavalta"
	},
	"CN": {
		"name": "Kiina"
	},
	"KG": {
		"name": "Kirgisia"
	},
	"KI": {
		"name": "Kiribati"
	},
	"CO": {
		"name": "Kolumbia"
	},
	"KM": {
		"name": "Komorit"
	},
	"CD": {
		"name": "Kongon demokraattinen tasavalta"
	},
	"CG": {
		"name": "Kongon tasavalta"
	},
	"CC": {
		"name": "Kookossaaret (Keelingsaaret)"
	},
	"XK": {
		"name": "Kosovo"
	},
	"GR": {
		"name": "Kreikka"
	},
	"HR": {
		"name": "Kroatia"
	},
	"CU": {
		"name": "Kuuba"
	},
	"KW": {
		"name": "Kuwait"
	},
	"CY": {
		"name": "Kypros"
	},
	"LA": {
		"name": "Laos"
	},
	"LV": {
		"name": "Latvia"
	},
	"LS": {
		"name": "Lesotho"
	},
	"LB": {
		"name": "Libanon"
	},
	"LR": {
		"name": "Liberia"
	},
	"LY": {
		"name": "Libya"
	},
	"LI": {
		"name": "Liechtenstein"
	},
	"LT": {
		"name": "Liettua"
	},
	"LU": {
		"name": "Luxemburg"
	},
	"EH": {
		"name": "Länsi-Sahara"
	},
	"MO": {
		"name": "Macao – Kiinan e.h.a."
	},
	"MG": {
		"name": "Madagaskar"
	},
	"MK": {
		"name": "Makedonia"
	},
	"MW": {
		"name": "Malawi"
	},
	"MV": {
		"name": "Malediivit"
	},
	"MY": {
		"name": "Malesia"
	},
	"ML": {
		"name": "Mali"
	},
	"MT": {
		"name": "Malta"
	},
	"IM": {
		"name": "Mansaari"
	},
	"MA": {
		"name": "Marokko"
	},
	"MH": {
		"name": "Marshallinsaaret"
	},
	"MQ": {
		"name": "Martinique"
	},
	"MR": {
		"name": "Mauritania"
	},
	"MU": {
		"name": "Mauritius"
	},
	"YT": {
		"name": "Mayotte"
	},
	"MX": {
		"name": "Meksiko"
	},
	"FM": {
		"name": "Mikronesian liittovaltio"
	},
	"MD": {
		"name": "Moldova"
	},
	"MC": {
		"name": "Monaco"
	},
	"MN": {
		"name": "Mongolia"
	},
	"ME": {
		"name": "Montenegro"
	},
	"MS": {
		"name": "Montserrat"
	},
	"MZ": {
		"name": "Mosambik"
	},
	"MM": {
		"name": "Myanmar (Burma)"
	},
	"NA": {
		"name": "Namibia"
	},
	"NR": {
		"name": "Nauru"
	},
	"NP": {
		"name": "Nepal"
	},
	"NI": {
		"name": "Nicaragua"
	},
	"NE": {
		"name": "Niger"
	},
	"NG": {
		"name": "Nigeria"
	},
	"NU": {
		"name": "Niue"
	},
	"NF": {
		"name": "Norfolkinsaari"
	},
	"NO": {
		"name": "Norja"
	},
	"CI": {
		"name": "Norsunluurannikko"
	},
	"OM": {
		"name": "Oman"
	},
	"PK": {
		"name": "Pakistan"
	},
	"PW": {
		"name": "Palau"
	},
	"PS": {
		"name": "Palestiinalaisalueet"
	},
	"PA": {
		"name": "Panama"
	},
	"PG": {
		"name": "Papua-Uusi-Guinea"
	},
	"PY": {
		"name": "Paraguay"
	},
	"PE": {
		"name": "Peru"
	},
	"PN": {
		"name": "Pitcairn"
	},
	"KP": {
		"name": "Pohjois-Korea"
	},
	"MP": {
		"name": "Pohjois-Mariaanit"
	},
	"PT": {
		"name": "Portugali"
	},
	"PR": {
		"name": "Puerto Rico"
	},
	"PL": {
		"name": "Puola"
	},
	"GQ": {
		"name": "Päiväntasaajan Guinea"
	},
	"QA": {
		"name": "Qatar"
	},
	"FR": {
		"name": "Ranska"
	},
	"TF": {
		"name": "Ranskan eteläiset alueet"
	},
	"GF": {
		"name": "Ranskan Guayana"
	},
	"PF": {
		"name": "Ranskan Polynesia"
	},
	"RE": {
		"name": "Réunion"
	},
	"RO": {
		"name": "Romania"
	},
	"RW": {
		"name": "Ruanda"
	},
	"SE": {
		"name": "Ruotsi"
	},
	"SH": {
		"name": "Saint Helena"
	},
	"KN": {
		"name": "Saint Kitts ja Nevis"
	},
	"LC": {
		"name": "Saint Lucia"
	},
	"VC": {
		"name": "Saint Vincent ja Grenadiinit"
	},
	"BL": {
		"name": "Saint-Barthélemy"
	},
	"MF": {
		"name": "Saint-Martin"
	},
	"PM": {
		"name": "Saint-Pierre ja Miquelon"
	},
	"DE": {
		"name": "Saksa"
	},
	"SB": {
		"name": "Salomonsaaret"
	},
	"ZM": {
		"name": "Sambia"
	},
	"WS": {
		"name": "Samoa"
	},
	"SM": {
		"name": "San Marino"
	},
	"ST": {
		"name": "São Tomé ja Príncipe"
	},
	"SA": {
		"name": "Saudi-Arabia"
	},
	"SN": {
		"name": "Senegal"
	},
	"RS": {
		"name": "Serbia"
	},
	"SC": {
		"name": "Seychellit"
	},
	"SL": {
		"name": "Sierra Leone"
	},
	"SG": {
		"name": "Singapore"
	},
	"SX": {
		"name": "Sint Maarten"
	},
	"SK": {
		"name": "Slovakia"
	},
	"SI": {
		"name": "Slovenia"
	},
	"SO": {
		"name": "Somalia"
	},
	"LK": {
		"name": "Sri Lanka"
	},
	"SD": {
		"name": "Sudan"
	},
	"FI": {
		"name": "Suomi"
	},
	"SR": {
		"name": "Surinam"
	},
	"CH": {
		"name": "Sveitsi"
	},
	"SZ": {
		"name": "Swazimaa"
	},
	"SY": {
		"name": "Syyria"
	},
	"TJ": {
		"name": "Tadžikistan"
	},
	"TW": {
		"name": "Taiwan"
	},
	"TZ": {
		"name": "Tansania"
	},
	"DK": {
		"name": "Tanska"
	},
	"TH": {
		"name": "Thaimaa"
	},
	"TG": {
		"name": "Togo"
	},
	"TK": {
		"name": "Tokelau"
	},
	"TO": {
		"name": "Tonga"
	},
	"TT": {
		"name": "Trinidad ja Tobago"
	},
	"TA": {
		"name": "Tristan da Cunha"
	},
	"TD": {
		"name": "Tšad"
	},
	"CZ": {
		"name": "Tšekki"
	},
	"TN": {
		"name": "Tunisia"
	},
	"TR": {
		"name": "Turkki"
	},
	"TM": {
		"name": "Turkmenistan"
	},
	"TC": {
		"name": "Turks- ja Caicossaaret"
	},
	"TV": {
		"name": "Tuvalu"
	},
	"UG": {
		"name": "Uganda"
	},
	"UA": {
		"name": "Ukraina"
	},
	"HU": {
		"name": "Unkari"
	},
	"UY": {
		"name": "Uruguay"
	},
	"NC": {
		"name": "Uusi-Kaledonia"
	},
	"NZ": {
		"name": "Uusi-Seelanti"
	},
	"UZ": {
		"name": "Uzbekistan"
	},
	"BY": {
		"name": "Valko-Venäjä"
	},
	"VU": {
		"name": "Vanuatu"
	},
	"VA": {
		"name": "Vatikaani"
	},
	"VE": {
		"name": "Venezuela"
	},
	"RU": {
		"name": "Venäjä"
	},
	"VN": {
		"name": "Vietnam"
	},
	"EE": {
		"name": "Viro"
	},
	"WF": {
		"name": "Wallis ja Futuna"
	},
	"US": {
		"name": "Yhdysvallat"
	},
	"UM": {
		"name": "Yhdysvaltain erillissaaret"
	},
	"VI": {
		"name": "Yhdysvaltain Neitsytsaaret"
	},
	"ZW": {
		"name": "Zimbabwe"
	}
}