{
	"CN": {
		"name": "A China"
	},
	"IN": {
		"name": "A India"
	},
	"AZ": {
		"name": "Acerbaixán"
	},
	"AF": {
		"name": "Afganistán"
	},
	"AL": {
		"name": "Albania"
	},
	"DE": {
		"name": "Alemaña"
	},
	"DZ": {
		"name": "Alxeria"
	},
	"AD": {
		"name": "Andorra"
	},
	"AO": {
		"name": "Angola"
	},
	"AI": {
		"name": "Anguila"
	},
	"AQ": {
		"name": "Antártida"
	},
	"AG": {
		"name": "Antiga e Barbuda"
	},
	"SA": {
		"name": "Arabia Saudita"
	},
	"AM": {
		"name": "Armenia"
	},
	"AW": {
		"name": "Aruba"
	},
	"AR": {
		"name": "Arxentina"
	},
	"AU": {
		"name": "Australia"
	},
	"AT": {
		"name": "Austria"
	},
	"BS": {
		"name": "Bahamas"
	},
	"BH": {
		"name": "Bahrain"
	},
	"BD": {
		"name": "Bangladés"
	},
	"BB": {
		"name": "Barbados"
	},
	"BZ": {
		"name": "Belice"
	},
	"BE": {
		"name": "Bélxica"
	},
	"BJ": {
		"name": "Benin"
	},
	"BM": {
		"name": "Bermudas"
	},
	"BY": {
		"name": "Bielorrusia"
	},
	"BO": {
		"name": "Bolivia"
	},
	"BA": {
		"name": "Bosnia-Hercegovina"
	},
	"BW": {
		"name": "Botsuana"
	},
	"BR": {
		"name": "Brasil"
	},
	"BN": {
		"name": "Brunei"
	},
	"BG": {
		"name": "Bulgaria"
	},
	"BF": {
		"name": "Burkina Faso"
	},
	"BI": {
		"name": "Burundi"
	},
	"BT": {
		"name": "Bután"
	},
	"CV": {
		"name": "Cabo Verde"
	},
	"KH": {
		"name": "Camboxa"
	},
	"CM": {
		"name": "Camerún"
	},
	"CA": {
		"name": "Canadá"
	},
	"BQ": {
		"name": "Caribe Neerlandés"
	},
	"KZ": {
		"name": "Casaquistán"
	},
	"EA": {
		"name": "Ceuta e Melilla"
	},
	"TD": {
		"name": "Chad"
	},
	"CL": {
		"name": "Chile"
	},
	"CY": {
		"name": "Chipre"
	},
	"VA": {
		"name": "Cidade do Vaticano"
	},
	"ZW": {
		"name": "Cimbabue"
	},
	"CO": {
		"name": "Colombia"
	},
	"KM": {
		"name": "Comores"
	},
	"KP": {
		"name": "Corea do Norte"
	},
	"KR": {
		"name": "Corea do Sur"
	},
	"CI": {
		"name": "Costa do Marfil"
	},
	"CR": {
		"name": "Costa Rica"
	},
	"HR": {
		"name": "Croacia"
	},
	"CU": {
		"name": "Cuba"
	},
	"CW": {
		"name": "Curaçao"
	},
	"DG": {
		"name": "Diego García"
	},
	"DK": {
		"name": "Dinamarca"
	},
	"DJ": {
		"name": "Djibuti"
	},
	"DM": {
		"name": "Dominica"
	},
	"EC": {
		"name": "Ecuador"
	},
	"AE": {
		"name": "Emiratos Árabes Unidos"
	},
	"ER": {
		"name": "Eritrea"
	},
	"SK": {
		"name": "Eslovaquia"
	},
	"SI": {
		"name": "Eslovenia"
	},
	"ES": {
		"name": "España"
	},
	"US": {
		"name": "Estados Unidos de América"
	},
	"EE": {
		"name": "Estonia"
	},
	"ET": {
		"name": "Etiopía"
	},
	"EG": {
		"name": "Exipto"
	},
	"FJ": {
		"name": "Fidxi"
	},
	"PH": {
		"name": "Filipinas"
	},
	"FI": {
		"name": "Finlandia"
	},
	"FR": {
		"name": "Francia"
	},
	"GA": {
		"name": "Gabón"
	},
	"GM": {
		"name": "Gambia"
	},
	"GH": {
		"name": "Ghana"
	},
	"GD": {
		"name": "Granada"
	},
	"GR": {
		"name": "Grecia"
	},
	"GL": {
		"name": "Groenlandia"
	},
	"GP": {
		"name": "Guadalupe"
	},
	"GU": {
		"name": "Guam"
	},
	"GT": {
		"name": "Guatemala"
	},
	"GG": {
		"name": "Guernsey"
	},
	"GY": {
		"name": "Güiana"
	},
	"GF": {
		"name": "Güiana Francesa"
	},
	"GN": {
		"name": "Guinea"
	},
	"GQ": {
		"name": "Guinea Ecuatorial"
	},
	"GW": {
		"name": "Guinea-Bisau"
	},
	"HT": {
		"name": "Haití"
	},
	"HN": {
		"name": "Honduras"
	},
	"HK": {
		"name": "Hong Kong RAE de China"
	},
	"HU": {
		"name": "Hungría"
	},
	"YE": {
		"name": "Iemen"
	},
	"AC": {
		"name": "Illa de Ascensión"
	},
	"IM": {
		"name": "Illa de Man"
	},
	"CX": {
		"name": "Illa de Nadal"
	},
	"NF": {
		"name": "Illa Norfolk"
	},
	"AX": {
		"name": "Illas Aland"
	},
	"KY": {
		"name": "Illas Caimán"
	},
	"IC": {
		"name": "Illas Canarias"
	},
	"CC": {
		"name": "Illas Cocos (Keeling)"
	},
	"CK": {
		"name": "Illas Cook"
	},
	"FO": {
		"name": "Illas Feroe"
	},
	"FK": {
		"name": "Illas Malvinas"
	},
	"MP": {
		"name": "Illas Marianas do Norte"
	},
	"MH": {
		"name": "Illas Marshall"
	},
	"PN": {
		"name": "Illas Pitcairn"
	},
	"SB": {
		"name": "Illas Salomón"
	},
	"TC": {
		"name": "Illas Turks e Caicos"
	},
	"UM": {
		"name": "Illas Ultramarinas dos EUA"
	},
	"VG": {
		"name": "Illas Virxes Británicas"
	},
	"VI": {
		"name": "Illas Virxes Estadounidenses"
	},
	"GS": {
		"name": "Illas Xeorxia do Sur e Sandwich do Sur"
	},
	"ID": {
		"name": "Indonesia"
	},
	"IR": {
		"name": "Irán"
	},
	"IQ": {
		"name": "Iraq"
	},
	"IE": {
		"name": "Irlanda"
	},
	"IS": {
		"name": "Islandia"
	},
	"IL": {
		"name": "Israel"
	},
	"IT": {
		"name": "Italia"
	},
	"JE": {
		"name": "Jersey"
	},
	"KE": {
		"name": "Kenya"
	},
	"KI": {
		"name": "Kiribati"
	},
	"XK": {
		"name": "Kosovo"
	},
	"KW": {
		"name": "Kuwait"
	},
	"LA": {
		"name": "Laos"
	},
	"LS": {
		"name": "Lesoto"
	},
	"LV": {
		"name": "Letonia"
	},
	"LB": {
		"name": "Líbano"
	},
	"LR": {
		"name": "Liberia"
	},
	"LY": {
		"name": "Libia"
	},
	"LI": {
		"name": "Liechtenstein"
	},
	"LT": {
		"name": "Lituania"
	},
	"LU": {
		"name": "Luxemburgo"
	},
	"MO": {
		"name": "Macau RAE de China"
	},
	"MK": {
		"name": "Macedonia"
	},
	"MG": {
		"name": "Madagascar"
	},
	"MY": {
		"name": "Malaisia"
	},
	"MW": {
		"name": "Malaui"
	},
	"MV": {
		"name": "Maldivas"
	},
	"ML": {
		"name": "Malí"
	},
	"MT": {
		"name": "Malta"
	},
	"MA": {
		"name": "Marrocos"
	},
	"MQ": {
		"name": "Martinica"
	},
	"MU": {
		"name": "Mauricio"
	},
	"MR": {
		"name": "Mauritania"
	},
	"YT": {
		"name": "Mayotte"
	},
	"MX": {
		"name": "México"
	},
	"FM": {
		"name": "Micronesia"
	},
	"MD": {
		"name": "Moldavia"
	},
	"MC": {
		"name": "Mónaco"
	},
	"MN": {
		"name": "Mongolia"
	},
	"ME": {
		"name": "Montenegro"
	},
	"MS": {
		"name": "Montserrat"
	},
	"MZ": {
		"name": "Mozambique"
	},
	"MM": {
		"name": "Myanmar (Birmania)"
	},
	"NA": {
		"name": "Namibia"
	},
	"NR": {
		"name": "Nauru"
	},
	"NP": {
		"name": "Nepal"
	},
	"NI": {
		"name": "Nicaragua"
	},
	"NU": {
		"name": "Niue"
	},
	"NE": {
		"name": "Níxer"
	},
	"NG": {
		"name": "Nixeria"
	},
	"NO": {
		"name": "Noruega"
	},
	"NC": {
		"name": "Nova Caledonia"
	},
	"NZ": {
		"name": "Nova Zelandia"
	},
	"SV": {
		"name": "O Salvador"
	},
	"JP": {
		"name": "O Xapón"
	},
	"OM": {
		"name": "Omán"
	},
	"NL": {
		"name": "Países Baixos"
	},
	"PW": {
		"name": "Palau"
	},
	"PA": {
		"name": "Panamá"
	},
	"PG": {
		"name": "Papúa-Nova Guinea"
	},
	"PK": {
		"name": "Paquistán"
	},
	"PY": {
		"name": "Paraguai"
	},
	"PE": {
		"name": "Perú"
	},
	"PF": {
		"name": "Polinesia Francesa"
	},
	"PL": {
		"name": "Polonia"
	},
	"PR": {
		"name": "Porto Rico"
	},
	"PT": {
		"name": "Portugal"
	},
	"QA": {
		"name": "Qatar"
	},
	"KG": {
		"name": "Quirguicistán"
	},
	"GB": {
		"name": "Reino Unido"
	},
	"CF": {
		"name": "República Centroafricana"
	},
	"CZ": {
		"name": "República Checa"
	},
	"CD": {
		"name": "República Democrática do Congo"
	},
	"CG": {
		"name": "República do Congo"
	},
	"DO": {
		"name": "República Dominicana"
	},
	"RE": {
		"name": "Reunión"
	},
	"RO": {
		"name": "Romanía"
	},
	"RW": {
		"name": "Ruanda"
	},
	"RU": {
		"name": "Rusia"
	},
	"EH": {
		"name": "Sáhara Occidental"
	},
	"KN": {
		"name": "Saint Kitts e Nevis"
	},
	"PM": {
		"name": "Saint Pierre e Miquelon"
	},
	"BL": {
		"name": "Saint-Barthélemy"
	},
	"MF": {
		"name": "Saint-Martin"
	},
	"WS": {
		"name": "Samoa"
	},
	"AS": {
		"name": "Samoa Americana"
	},
	"SM": {
		"name": "San Marino"
	},
	"ST": {
		"name": "San Tomé e Príncipe"
	},
	"VC": {
		"name": "San Vicente e as Granadinas"
	},
	"SH": {
		"name": "Santa Helena"
	},
	"LC": {
		"name": "Santa Lucía"
	},
	"SC": {
		"name": "Seixeles"
	},
	"SN": {
		"name": "Senegal"
	},
	"RS": {
		"name": "Serbia"
	},
	"SL": {
		"name": "Serra Leoa"
	},
	"SG": {
		"name": "Singapur"
	},
	"SX": {
		"name": "Sint Maarten"
	},
	"SY": {
		"name": "Siria"
	},
	"SO": {
		"name": "Somalia"
	},
	"LK": {
		"name": "Sri Lanka"
	},
	"SZ": {
		"name": "Suacilandia"
	},
	"SD": {
		"name": "Sudán"
	},
	"SS": {
		"name": "Sudán do sur"
	},
	"SE": {
		"name": "Suecia"
	},
	"CH": {
		"name": "Suíza"
	},
	"ZA": {
		"name": "Suráfrica"
	},
	"SR": {
		"name": "Suriname"
	},
	"SJ": {
		"name": "Svalbard e Jan Mayen"
	},
	"TH": {
		"name": "Tailandia"
	},
	"TW": {
		"name": "Taiwán"
	},
	"TZ": {
		"name": "Tanzania"
	},
	"TJ": {
		"name": "Taxiquistán"
	},
	"IO": {
		"name": "Territorio Británico do Océano Índico"
	},
	"TF": {
		"name": "Territorios Austrais Franceses"
	},
	"PS": {
		"name": "Territorios palestinos"
	},
	"TL": {
		"name": "Timor Leste"
	},
	"TG": {
		"name": "Togo"
	},
	"TO": {
		"name": "Tonga"
	},
	"TK": {
		"name": "Toquelau"
	},
	"TT": {
		"name": "Trinidad e Tobago"
	},
	"TA": {
		"name": "Tristán da Cunha"
	},
	"TN": {
		"name": "Tunisia"
	},
	"TM": {
		"name": "Turcomenistán"
	},
	"TR": {
		"name": "Turquía"
	},
	"TV": {
		"name": "Tuvalu"
	},
	"UA": {
		"name": "Ucraína"
	},
	"UG": {
		"name": "Uganda"
	},
	"UY": {
		"name": "Uruguai"
	},
	"UZ": {
		"name": "Uzbekistán"
	},
	"VU": {
		"name": "Vanuatu"
	},
	"VE": {
		"name": "Venezuela"
	},
	"VN": {
		"name": "Vietnam"
	},
	"WF": {
		"name": "Wallis e Futuna"
	},
	"JM": {
		"name": "Xamaica"
	},
	"GE": {
		"name": "Xeorxia"
	},
	"GI": {
		"name": "Xibraltar"
	},
	"JO": {
		"name": "Xordania"
	},
	"ZM": {
		"name": "Zambia"
	}
}