{
    "NZ": {
        "name": "Aotearoa"
    },
    "GB": {
        "name": "Aupuni Mōʻī Hui Pū ʻIa"
    },
    "AT": {
        "name": "Austria"
    },
    "AF": {
        "name": "Afghanistan"
    },
    "AX": {
        "name": "Åland Islands"
    },
    "AL": {
        "name": "Albania"
    },
    "DZ": {
        "name": "Algeria"
    },
    "AS": {
        "name": "American Samoa"
    },
    "AD": {
        "name": "Andorra"
    },
    "AO": {
        "name": "Angola"
    },
    "AI": {
        "name": "Anguilla"
    },
    "AQ": {
        "name": "Antarctica"
    },
    "AG": {
        "name": "Antigua & Barbuda"
    },
    "AW": {
        "name": "Aruba"
    },
    "AR": {
        "name": "Argentina"
    },
    "AM": {
        "name": "Armenia"
    },
    "AC": {
        "name": "Ascension Island"
    },
    "AZ": {
        "name": "Azerbaijan"
    },
    "EC": {
        "name": "Ecuador"
    },
    "EG": {
        "name": "Egypt"
    },
    "SV": {
        "name": "El Salvador"
    },
    "GQ": {
        "name": "Equatorial Guinea"
    },
    "ER": {
        "name": "Eritrea"
    },
    "EE": {
        "name": "Estonia"
    },
    "ET": {
        "name": "Ethiopia"
    },
    "JP": {
        "name": "Iāpana"
    },
    "IS": {
        "name": "Iceland"
    },
    "ID": {
        "name": "Indonesia"
    },
    "IR": {
        "name": "Iran"
    },
    "IQ": {
        "name": "Iraq"
    },
    "IM": {
        "name": "Isle of Man"
    },
    "OM": {
        "name": "Oman"
    },
    "UM": {
        "name": "U.S. Outlying Islands"
    },
    "VI": {
        "name": "U.S. Virgin Islands"
    },
    "UG": {
        "name": "Uganda"
    },
    "UA": {
        "name": "Ukraine"
    },
    "AE": {
        "name": "United Arab Emirates"
    },
    "UY": {
        "name": "Uruguay"
    },
    "UZ": {
        "name": "Uzbekistan"
    },
    "BS": {
        "name": "Bahamas"
    },
    "BH": {
        "name": "Bahrain"
    },
    "BD": {
        "name": "Bangladesh"
    },
    "BB": {
        "name": "Barbados"
    },
    "BY": {
        "name": "Belarus"
    },
    "BZ": {
        "name": "Belize"
    },
    "BE": {
        "name": "Belgium"
    },
    "BJ": {
        "name": "Benin"
    },
    "BM": {
        "name": "Bermuda"
    },
    "BO": {
        "name": "Bolivia"
    },
    "BA": {
        "name": "Bosnia & Herzegovina"
    },
    "BW": {
        "name": "Botswana"
    },
    "BG": {
        "name": "Bulgaria"
    },
    "BI": {
        "name": "Burundi"
    },
    "BF": {
        "name": "Burkina Faso"
    },
    "BT": {
        "name": "Bhutan"
    },
    "BR": {
        "name": "Brazil"
    },
    "IO": {
        "name": "British Indian Ocean Territory"
    },
    "VG": {
        "name": "British Virgin Islands"
    },
    "BN": {
        "name": "Brunei"
    },
    "CM": {
        "name": "Cameroon"
    },
    "KH": {
        "name": "Cambodia"
    },
    "IC": {
        "name": "Canary Islands"
    },
    "CV": {
        "name": "Cape Verde"
    },
    "BQ": {
        "name": "Caribbean Netherlands"
    },
    "KY": {
        "name": "Cayman Islands"
    },
    "EA": {
        "name": "Ceuta & Melilla"
    },
    "CF": {
        "name": "Central African Republic"
    },
    "CK": {
        "name": "Cook Islands"
    },
    "CC": {
        "name": "Cocos (Keeling) Islands"
    },
    "CO": {
        "name": "Colombia"
    },
    "KM": {
        "name": "Comoros"
    },
    "CG": {
        "name": "Congo - Brazzaville"
    },
    "CD": {
        "name": "Congo - Kinshasa"
    },
    "CR": {
        "name": "Costa Rica"
    },
    "CI": {
        "name": "Côte d’Ivoire"
    },
    "CU": {
        "name": "Cuba"
    },
    "CW": {
        "name": "Curaçao"
    },
    "TD": {
        "name": "Chad"
    },
    "CL": {
        "name": "Chile"
    },
    "CX": {
        "name": "Christmas Island"
    },
    "HR": {
        "name": "Croatia"
    },
    "CY": {
        "name": "Cyprus"
    },
    "CZ": {
        "name": "Czech Republic"
    },
    "DG": {
        "name": "Diego Garcia"
    },
    "DM": {
        "name": "Dominica"
    },
    "DO": {
        "name": "Dominican Republic"
    },
    "DJ": {
        "name": "Djibouti"
    },
    "FK": {
        "name": "Falkland Islands"
    },
    "FO": {
        "name": "Faroe Islands"
    },
    "FJ": {
        "name": "Fiji"
    },
    "FI": {
        "name": "Finland"
    },
    "GF": {
        "name": "French Guiana"
    },
    "PF": {
        "name": "French Polynesia"
    },
    "TF": {
        "name": "French Southern Territories"
    },
    "GA": {
        "name": "Gabon"
    },
    "GM": {
        "name": "Gambia"
    },
    "GE": {
        "name": "Georgia"
    },
    "GI": {
        "name": "Gibraltar"
    },
    "GP": {
        "name": "Guadeloupe"
    },
    "GU": {
        "name": "Guam"
    },
    "GT": {
        "name": "Guatemala"
    },
    "GG": {
        "name": "Guernsey"
    },
    "GN": {
        "name": "Guinea"
    },
    "GW": {
        "name": "Guinea-Bissau"
    },
    "GY": {
        "name": "Guyana"
    },
    "GH": {
        "name": "Ghana"
    },
    "GL": {
        "name": "Greenland"
    },
    "GD": {
        "name": "Grenada"
    },
    "HT": {
        "name": "Haiti"
    },
    "GR": {
        "name": "Helene"
    },
    "NL": {
        "name": "Hōlani"
    },
    "HN": {
        "name": "Honduras"
    },
    "HK": {
        "name": "Hong Kong SAR China"
    },
    "HU": {
        "name": "Hungary"
    },
    "JM": {
        "name": "Jamaica"
    },
    "JE": {
        "name": "Jersey"
    },
    "JO": {
        "name": "Jordan"
    },
    "CA": {
        "name": "Kanakā"
    },
    "KZ": {
        "name": "Kazakhstan"
    },
    "DE": {
        "name": "Kelemānia"
    },
    "DK": {
        "name": "Kenemaka"
    },
    "KE": {
        "name": "Kenya"
    },
    "ES": {
        "name": "Kepania"
    },
    "CN": {
        "name": "Kina"
    },
    "KI": {
        "name": "Kiribati"
    },
    "XK": {
        "name": "Kosovo"
    },
    "KW": {
        "name": "Kuwait"
    },
    "KG": {
        "name": "Kyrgyzstan"
    },
    "LA": {
        "name": "Laos"
    },
    "LV": {
        "name": "Latvia"
    },
    "LB": {
        "name": "Lebanon"
    },
    "LS": {
        "name": "Lesotho"
    },
    "LI": {
        "name": "Liechtenstein"
    },
    "LR": {
        "name": "Liberia"
    },
    "LY": {
        "name": "Libya"
    },
    "LT": {
        "name": "Lithuania"
    },
    "RU": {
        "name": "Lūkia"
    },
    "LU": {
        "name": "Luxembourg"
    },
    "MR": {
        "name": "Mauritania"
    },
    "MU": {
        "name": "Mauritius"
    },
    "MO": {
        "name": "Macau SAR China"
    },
    "MK": {
        "name": "Macedonia"
    },
    "MG": {
        "name": "Madagascar"
    },
    "MW": {
        "name": "Malawi"
    },
    "MY": {
        "name": "Malaysia"
    },
    "ML": {
        "name": "Mali"
    },
    "MV": {
        "name": "Maldives"
    },
    "MT": {
        "name": "Malta"
    },
    "MH": {
        "name": "Marshall Islands"
    },
    "MQ": {
        "name": "Martinique"
    },
    "YT": {
        "name": "Mayotte"
    },
    "MX": {
        "name": "Mekiko"
    },
    "FM": {
        "name": "Micronesia"
    },
    "MD": {
        "name": "Moldova"
    },
    "MC": {
        "name": "Monaco"
    },
    "MN": {
        "name": "Mongolia"
    },
    "ME": {
        "name": "Montenegro"
    },
    "MS": {
        "name": "Montserrat"
    },
    "MA": {
        "name": "Morocco"
    },
    "MZ": {
        "name": "Mozambique"
    },
    "MM": {
        "name": "Myanmar (Burma)"
    },
    "NR": {
        "name": "Nauru"
    },
    "NA": {
        "name": "Namibia"
    },
    "NP": {
        "name": "Nepal"
    },
    "NC": {
        "name": "New Caledonia"
    },
    "NU": {
        "name": "Niue"
    },
    "NI": {
        "name": "Nicaragua"
    },
    "NE": {
        "name": "Niger"
    },
    "NG": {
        "name": "Nigeria"
    },
    "NF": {
        "name": "Norfolk Island"
    },
    "KP": {
        "name": "North Korea"
    },
    "MP": {
        "name": "Northern Mariana Islands"
    },
    "NO": {
        "name": "Norway"
    },
    "AU": {
        "name": "Nūhōlani"
    },
    "PK": {
        "name": "Pakistan"
    },
    "PW": {
        "name": "Palau"
    },
    "FR": {
        "name": "Palani"
    },
    "PS": {
        "name": "Palestinian Territories"
    },
    "PA": {
        "name": "Panama"
    },
    "PG": {
        "name": "Papua New Guinea"
    },
    "PY": {
        "name": "Paraguay"
    },
    "PE": {
        "name": "Peru"
    },
    "PN": {
        "name": "Pitcairn Islands"
    },
    "PL": {
        "name": "Poland"
    },
    "PT": {
        "name": "Portugal"
    },
    "PR": {
        "name": "Puerto Rico"
    },
    "QA": {
        "name": "Qatar"
    },
    "RE": {
        "name": "Réunion"
    },
    "RO": {
        "name": "Romania"
    },
    "RW": {
        "name": "Rwanda"
    },
    "ST": {
        "name": "São Tomé & Príncipe"
    },
    "SA": {
        "name": "Saudi Arabia"
    },
    "WS": {
        "name": "Samoa"
    },
    "SM": {
        "name": "San Marino"
    },
    "SN": {
        "name": "Senegal"
    },
    "RS": {
        "name": "Serbia"
    },
    "SC": {
        "name": "Seychelles"
    },
    "SL": {
        "name": "Sierra Leone"
    },
    "SG": {
        "name": "Singapore"
    },
    "SX": {
        "name": "Sint Maarten"
    },
    "ZA": {
        "name": "South Africa"
    },
    "GS": {
        "name": "South Georgia & South Sandwich Islands"
    },
    "KR": {
        "name": "South Korea"
    },
    "SS": {
        "name": "South Sudan"
    },
    "SB": {
        "name": "Solomon Islands"
    },
    "SO": {
        "name": "Somalia"
    },
    "SD": {
        "name": "Sudan"
    },
    "SR": {
        "name": "Suriname"
    },
    "SK": {
        "name": "Slovakia"
    },
    "SI": {
        "name": "Slovenia"
    },
    "LK": {
        "name": "Sri Lanka"
    },
    "BL": {
        "name": "St. Barthélemy"
    },
    "SH": {
        "name": "St. Helena"
    },
    "KN": {
        "name": "St. Kitts & Nevis"
    },
    "LC": {
        "name": "St. Lucia"
    },
    "MF": {
        "name": "St. Martin"
    },
    "PM": {
        "name": "St. Pierre & Miquelon"
    },
    "VC": {
        "name": "St. Vincent & Grenadines"
    },
    "SJ": {
        "name": "Svalbard & Jan Mayen"
    },
    "SZ": {
        "name": "Swaziland"
    },
    "SE": {
        "name": "Sweden"
    },
    "CH": {
        "name": "Switzerland"
    },
    "SY": {
        "name": "Syria"
    },
    "TW": {
        "name": "Taiwan"
    },
    "TJ": {
        "name": "Tajikistan"
    },
    "TZ": {
        "name": "Tanzania"
    },
    "TL": {
        "name": "Timor-Leste"
    },
    "TG": {
        "name": "Togo"
    },
    "TK": {
        "name": "Tokelau"
    },
    "TO": {
        "name": "Tonga"
    },
    "TN": {
        "name": "Tunisia"
    },
    "TR": {
        "name": "Turkey"
    },
    "TM": {
        "name": "Turkmenistan"
    },
    "TC": {
        "name": "Turks & Caicos Islands"
    },
    "TV": {
        "name": "Tuvalu"
    },
    "TH": {
        "name": "Thailand"
    },
    "TT": {
        "name": "Trinidad & Tobago"
    },
    "TA": {
        "name": "Tristan da Cunha"
    },
    "VU": {
        "name": "Vanuatu"
    },
    "VA": {
        "name": "Vatican City"
    },
    "VE": {
        "name": "Venezuela"
    },
    "VN": {
        "name": "Vietnam"
    },
    "WF": {
        "name": "Wallis & Futuna"
    },
    "EH": {
        "name": "Western Sahara"
    },
    "PH": {
        "name": "ʻĀina Pilipino"
    },
    "US": {
        "name": "ʻAmelika Hui Pū ʻIa"
    },
    "IT": {
        "name": "ʻĪkālia"
    },
    "IE": {
        "name": "ʻIlelani"
    },
    "IN": {
        "name": "ʻĪnia"
    },
    "IL": {
        "name": "ʻIseraʻela"
    },
    "YE": {
        "name": "Yemen"
    },
    "ZM": {
        "name": "Zambia"
    },
    "ZW": {
        "name": "Zimbabwe"
    }
}