{
	"UG": {
		"name": "אוגנדה"
	},
	"UZ": {
		"name": "אוזבקיסטן"
	},
	"AT": {
		"name": "אוסטריה"
	},
	"AU": {
		"name": "אוסטרליה"
	},
	"UA": {
		"name": "אוקראינה"
	},
	"UY": {
		"name": "אורוגוואי"
	},
	"AZ": {
		"name": "אזרבייג׳ן"
	},
	"CX": {
		"name": "אי חג המולד"
	},
	"AE": {
		"name": "איחוד האמירויות הערביות"
	},
	"IT": {
		"name": "איטליה"
	},
	"AX": {
		"name": "איי אולנד"
	},
	"BS": {
		"name": "איי בהאמה"
	},
	"VG": {
		"name": "איי הבתולה הבריטיים"
	},
	"VI": {
		"name": "איי הבתולה של ארצות הברית"
	},
	"WF": {
		"name": "איי ווליס ופוטונה"
	},
	"TC": {
		"name": "איי טורקס וקאיקוס"
	},
	"MP": {
		"name": "איי מריאנה הצפוניים"
	},
	"MH": {
		"name": "איי מרשל"
	},
	"NF": {
		"name": "איי נורפוק"
	},
	"SC": {
		"name": "איי סיישל"
	},
	"FO": {
		"name": "איי פארו"
	},
	"FK": {
		"name": "איי פוקלנד"
	},
	"PN": {
		"name": "איי פיטקרן"
	},
	"CK": {
		"name": "איי קוק"
	},
	"CC": {
		"name": "איי קוקוס (קילינג)"
	},
	"KY": {
		"name": "איי קיימן"
	},
	"SB": {
		"name": "איי שלמה"
	},
	"UM": {
		"name": "איים לחוף ארצות הברית"
	},
	"ID": {
		"name": "אינדונזיה"
	},
	"IS": {
		"name": "איסלנד"
	},
	"IR": {
		"name": "איראן"
	},
	"IE": {
		"name": "אירלנד"
	},
	"SV": {
		"name": "אל סלבדור"
	},
	"AL": {
		"name": "אלבניה"
	},
	"DZ": {
		"name": "אלג׳יריה"
	},
	"AO": {
		"name": "אנגולה"
	},
	"AI": {
		"name": "אנגילה"
	},
	"AD": {
		"name": "אנדורה"
	},
	"AQ": {
		"name": "אנטארקטיקה"
	},
	"AG": {
		"name": "אנטיגואה וברבודה"
	},
	"EE": {
		"name": "אסטוניה"
	},
	"AF": {
		"name": "אפגניסטן"
	},
	"EC": {
		"name": "אקוודור"
	},
	"AR": {
		"name": "ארגנטינה"
	},
	"AW": {
		"name": "ארובה"
	},
	"ER": {
		"name": "אריתריאה"
	},
	"AM": {
		"name": "ארמניה"
	},
	"US": {
		"name": "ארצות הברית"
	},
	"ET": {
		"name": "אתיופיה"
	},
	"BT": {
		"name": "בהוטן"
	},
	"BW": {
		"name": "בוטסוואנה"
	},
	"BG": {
		"name": "בולגריה"
	},
	"BO": {
		"name": "בוליביה"
	},
	"BA": {
		"name": "בוסניה והרצגובינה"
	},
	"BI": {
		"name": "בורונדי"
	},
	"BF": {
		"name": "בורקינה פאסו"
	},
	"BH": {
		"name": "בחריין"
	},
	"BY": {
		"name": "בלארוס"
	},
	"BE": {
		"name": "בלגיה"
	},
	"BZ": {
		"name": "בליז"
	},
	"BD": {
		"name": "בנגלדש"
	},
	"BJ": {
		"name": "בנין"
	},
	"BB": {
		"name": "ברבדוס"
	},
	"BN": {
		"name": "ברוניי"
	},
	"BR": {
		"name": "ברזיל"
	},
	"BM": {
		"name": "ברמודה"
	},
	"GS": {
		"name": "ג׳ורג׳יה הדרומית ואיי סנדוויץ׳ הדרומיים"
	},
	"DJ": {
		"name": "ג׳יבוטי"
	},
	"JM": {
		"name": "ג׳מייקה"
	},
	"JE": {
		"name": "ג׳רסי"
	},
	"GA": {
		"name": "גאבון"
	},
	"GE": {
		"name": "גאורגיה"
	},
	"GH": {
		"name": "גאנה"
	},
	"GT": {
		"name": "גואטמלה"
	},
	"GU": {
		"name": "גואם"
	},
	"GP": {
		"name": "גוואדלופ"
	},
	"GY": {
		"name": "גיאנה"
	},
	"GF": {
		"name": "גיאנה הצרפתית"
	},
	"GI": {
		"name": "גיברלטר"
	},
	"GN": {
		"name": "גיניאה"
	},
	"GQ": {
		"name": "גיניאה המשוונית"
	},
	"GW": {
		"name": "גיניאה-ביסאו"
	},
	"GM": {
		"name": "גמביה"
	},
	"GL": {
		"name": "גרינלנד"
	},
	"DE": {
		"name": "גרמניה"
	},
	"GD": {
		"name": "גרנדה"
	},
	"GG": {
		"name": "גרנסי"
	},
	"DM": {
		"name": "דומיניקה"
	},
	"DG": {
		"name": "דייגו גרסיה"
	},
	"DK": {
		"name": "דנמרק"
	},
	"ZA": {
		"name": "דרום אפריקה"
	},
	"SS": {
		"name": "דרום סודן"
	},
	"AC": {
		"name": "האי אסנשן"
	},
	"IM": {
		"name": "האי מאן"
	},
	"HT": {
		"name": "האיטי"
	},
	"MV": {
		"name": "האיים המלדיביים"
	},
	"IC": {
		"name": "האיים הקנריים"
	},
	"BQ": {
		"name": "האיים הקריביים ההולנדיים"
	},
	"IN": {
		"name": "הודו"
	},
	"VA": {
		"name": "הוותיקן"
	},
	"NL": {
		"name": "הולנד"
	},
	"HK": {
		"name": "הונג קונג - מחוז מנהלי מיוחד של סין"
	},
	"HU": {
		"name": "הונגריה"
	},
	"HN": {
		"name": "הונדורס"
	},
	"IO": {
		"name": "הטריטוריה הבריטית באוקיינוס ההודי"
	},
	"GB": {
		"name": "הממלכה המאוחדת"
	},
	"DO": {
		"name": "הרפובליקה הדומיניקנית"
	},
	"CF": {
		"name": "הרפובליקה של מרכז אפריקה"
	},
	"PS": {
		"name": "השטחים הפלסטיניים"
	},
	"VN": {
		"name": "וייטנאם"
	},
	"VU": {
		"name": "ונואטו"
	},
	"VE": {
		"name": "ונצואלה"
	},
	"ZW": {
		"name": "זימבאבווה"
	},
	"ZM": {
		"name": "זמביה"
	},
	"CI": {
		"name": "חוף השנהב"
	},
	"TJ": {
		"name": "טג׳יקיסטן"
	},
	"TV": {
		"name": "טובלו"
	},
	"TG": {
		"name": "טוגו"
	},
	"TO": {
		"name": "טונגה"
	},
	"TK": {
		"name": "טוקלאו"
	},
	"TR": {
		"name": "טורקיה"
	},
	"TM": {
		"name": "טורקמניסטן"
	},
	"TW": {
		"name": "טייוואן"
	},
	"TL": {
		"name": "טימור לסטה"
	},
	"TZ": {
		"name": "טנזניה"
	},
	"TF": {
		"name": "טריטוריות דרומיות של צרפת"
	},
	"TT": {
		"name": "טרינידד וטובגו"
	},
	"TA": {
		"name": "טריסטן דה קונה"
	},
	"GR": {
		"name": "יוון"
	},
	"JP": {
		"name": "יפן"
	},
	"JO": {
		"name": "ירדן"
	},
	"IL": {
		"name": "ישראל"
	},
	"KW": {
		"name": "כווית"
	},
	"CV": {
		"name": "כף ורדה"
	},
	"LA": {
		"name": "לאוס"
	},
	"LB": {
		"name": "לבנון"
	},
	"LY": {
		"name": "לוב"
	},
	"LU": {
		"name": "לוקסמבורג"
	},
	"LV": {
		"name": "לטביה"
	},
	"LR": {
		"name": "ליבריה"
	},
	"LT": {
		"name": "ליטא"
	},
	"LI": {
		"name": "ליכטנשטיין"
	},
	"LS": {
		"name": "לסוטו"
	},
	"MR": {
		"name": "מאוריטניה"
	},
	"MU": {
		"name": "מאוריציוס"
	},
	"YT": {
		"name": "מאיוט"
	},
	"ML": {
		"name": "מאלי"
	},
	"MG": {
		"name": "מדגסקר"
	},
	"MZ": {
		"name": "מוזמביק"
	},
	"MD": {
		"name": "מולדובה"
	},
	"MN": {
		"name": "מונגוליה"
	},
	"ME": {
		"name": "מונטנגרו"
	},
	"MS": {
		"name": "מונסראט"
	},
	"MC": {
		"name": "מונקו"
	},
	"MM": {
		"name": "מיאנמאר (בורמה)‎"
	},
	"FM": {
		"name": "מיקרונזיה"
	},
	"MW": {
		"name": "מלאווי"
	},
	"MY": {
		"name": "מלזיה"
	},
	"MT": {
		"name": "מלטה"
	},
	"EG": {
		"name": "מצרים"
	},
	"MO": {
		"name": "מקאו - מחוז מנהלי מיוחד של סין"
	},
	"MK": {
		"name": "מקדוניה"
	},
	"MX": {
		"name": "מקסיקו"
	},
	"MA": {
		"name": "מרוקו"
	},
	"MQ": {
		"name": "מרטיניק"
	},
	"NR": {
		"name": "נאורו"
	},
	"NO": {
		"name": "נורווגיה"
	},
	"NG": {
		"name": "ניגריה"
	},
	"NZ": {
		"name": "ניו זילנד"
	},
	"NU": {
		"name": "ניווה"
	},
	"NE": {
		"name": "ניז׳ר"
	},
	"NI": {
		"name": "ניקרגואה"
	},
	"NA": {
		"name": "נמיביה"
	},
	"NP": {
		"name": "נפאל"
	},
	"ST": {
		"name": "סאו טומה ופרינסיפה"
	},
	"EA": {
		"name": "סאוטה ומלייה"
	},
	"EH": {
		"name": "סהרה המערבית"
	},
	"SD": {
		"name": "סודן"
	},
	"SZ": {
		"name": "סווזילנד"
	},
	"SJ": {
		"name": "סוולבארד ויאן מאיין"
	},
	"SO": {
		"name": "סומליה"
	},
	"SY": {
		"name": "סוריה"
	},
	"SR": {
		"name": "סורינם"
	},
	"SL": {
		"name": "סיירה לאונה"
	},
	"CN": {
		"name": "סין"
	},
	"SG": {
		"name": "סינגפור"
	},
	"SI": {
		"name": "סלובניה"
	},
	"SK": {
		"name": "סלובקיה"
	},
	"WS": {
		"name": "סמואה"
	},
	"AS": {
		"name": "סמואה האמריקנית"
	},
	"MF": {
		"name": "סן מרטן"
	},
	"SM": {
		"name": "סן מרינו"
	},
	"SN": {
		"name": "סנגל"
	},
	"BL": {
		"name": "סנט ברתולומיאו"
	},
	"SH": {
		"name": "סנט הלנה"
	},
	"VC": {
		"name": "סנט וינסנט והגרנדינים"
	},
	"LC": {
		"name": "סנט לוסיה"
	},
	"SX": {
		"name": "סנט מארטן"
	},
	"PM": {
		"name": "סנט פייר ומיקלון"
	},
	"KN": {
		"name": "סנט קיטס ונוויס"
	},
	"ES": {
		"name": "ספרד"
	},
	"RS": {
		"name": "סרביה"
	},
	"LK": {
		"name": "סרי לנקה"
	},
	"OM": {
		"name": "עומאן"
	},
	"IQ": {
		"name": "עיראק"
	},
	"SA": {
		"name": "ערב הסעודית"
	},
	"PW": {
		"name": "פאלאו"
	},
	"PR": {
		"name": "פוארטו ריקו"
	},
	"PL": {
		"name": "פולין"
	},
	"PF": {
		"name": "פולינזיה הצרפתית"
	},
	"PT": {
		"name": "פורטוגל"
	},
	"FJ": {
		"name": "פיג׳י"
	},
	"PH": {
		"name": "פיליפינים"
	},
	"FI": {
		"name": "פינלנד"
	},
	"PA": {
		"name": "פנמה"
	},
	"PG": {
		"name": "פפואה גיניאה החדשה"
	},
	"PK": {
		"name": "פקיסטן"
	},
	"PY": {
		"name": "פרגוואי"
	},
	"PE": {
		"name": "פרו"
	},
	"TD": {
		"name": "צ׳אד"
	},
	"CL": {
		"name": "צ׳ילה"
	},
	"CZ": {
		"name": "צ׳כיה"
	},
	"FR": {
		"name": "צרפת"
	},
	"CU": {
		"name": "קובה"
	},
	"CO": {
		"name": "קולומביה"
	},
	"KM": {
		"name": "קומורו"
	},
	"CG": {
		"name": "קונגו - ברזאויל"
	},
	"CD": {
		"name": "קונגו - קינשאסה"
	},
	"XK": {
		"name": "קוסובו"
	},
	"CR": {
		"name": "קוסטה ריקה"
	},
	"CW": {
		"name": "קוראסאו"
	},
	"KR": {
		"name": "קוריאה הדרומית"
	},
	"KP": {
		"name": "קוריאה הצפונית"
	},
	"KZ": {
		"name": "קזחסטן"
	},
	"QA": {
		"name": "קטאר"
	},
	"KG": {
		"name": "קירגיזסטן"
	},
	"KI": {
		"name": "קיריבאטי"
	},
	"NC": {
		"name": "קלדוניה החדשה"
	},
	"KH": {
		"name": "קמבודיה"
	},
	"CM": {
		"name": "קמרון"
	},
	"CA": {
		"name": "קנדה"
	},
	"KE": {
		"name": "קניה"
	},
	"CY": {
		"name": "קפריסין"
	},
	"HR": {
		"name": "קרואטיה"
	},
	"RE": {
		"name": "ראוניון"
	},
	"RW": {
		"name": "רואנדה"
	},
	"RO": {
		"name": "רומניה"
	},
	"RU": {
		"name": "רוסיה"
	},
	"SE": {
		"name": "שוודיה"
	},
	"CH": {
		"name": "שווייץ"
	},
	"TH": {
		"name": "תאילנד"
	},
	"TN": {
		"name": "תוניסיה"
	},
	"YE": {
		"name": "תימן"
	}
}