{
	"AF": {
		"name": "Afganistan"
	},
	"ZA": {
		"name": "Afrika Selatan"
	},
	"AL": {
		"name": "Albania"
	},
	"DZ": {
		"name": "Aljazair"
	},
	"US": {
		"name": "Amerika Serikat"
	},
	"AD": {
		"name": "Andorra"
	},
	"AO": {
		"name": "Angola"
	},
	"AI": {
		"name": "Anguilla"
	},
	"AQ": {
		"name": "Antarktika"
	},
	"AG": {
		"name": "Antigua dan Barbuda"
	},
	"SA": {
		"name": "Arab Saudi"
	},
	"AR": {
		"name": "Argentina"
	},
	"AM": {
		"name": "Armenia"
	},
	"AW": {
		"name": "Aruba"
	},
	"AU": {
		"name": "Australia"
	},
	"AT": {
		"name": "Austria"
	},
	"AZ": {
		"name": "Azerbaijan"
	},
	"BS": {
		"name": "Bahama"
	},
	"BH": {
		"name": "Bahrain"
	},
	"BD": {
		"name": "Bangladesh"
	},
	"BB": {
		"name": "Barbados"
	},
	"NL": {
		"name": "Belanda"
	},
	"BY": {
		"name": "Belarus"
	},
	"BE": {
		"name": "Belgia"
	},
	"BZ": {
		"name": "Belize"
	},
	"BJ": {
		"name": "Benin"
	},
	"BM": {
		"name": "Bermuda"
	},
	"BT": {
		"name": "Bhutan"
	},
	"BO": {
		"name": "Bolivia"
	},
	"BA": {
		"name": "Bosnia dan Herzegovina"
	},
	"BW": {
		"name": "Botswana"
	},
	"BR": {
		"name": "Brasil"
	},
	"BN": {
		"name": "Brunei"
	},
	"BG": {
		"name": "Bulgaria"
	},
	"BF": {
		"name": "Burkina Faso"
	},
	"BI": {
		"name": "Burundi"
	},
	"TD": {
		"name": "Cad"
	},
	"EA": {
		"name": "Ceuta dan Melilla"
	},
	"CL": {
		"name": "Cile"
	},
	"CI": {
		"name": "Cote d’Ivoire"
	},
	"CW": {
		"name": "Curaçao"
	},
	"DK": {
		"name": "Denmark"
	},
	"DG": {
		"name": "Diego Garcia"
	},
	"DM": {
		"name": "Dominika"
	},
	"EC": {
		"name": "Ekuador"
	},
	"SV": {
		"name": "El Salvador"
	},
	"ER": {
		"name": "Eritrea"
	},
	"EE": {
		"name": "Estonia"
	},
	"ET": {
		"name": "Etiopia"
	},
	"FJ": {
		"name": "Fiji"
	},
	"PH": {
		"name": "Filipina"
	},
	"FI": {
		"name": "Finlandia"
	},
	"GA": {
		"name": "Gabon"
	},
	"GM": {
		"name": "Gambia"
	},
	"GE": {
		"name": "Georgia"
	},
	"GS": {
		"name": "Georgia Selatan & Kep. Sandwich Selatan"
	},
	"GH": {
		"name": "Ghana"
	},
	"GI": {
		"name": "Gibraltar"
	},
	"GD": {
		"name": "Grenada"
	},
	"GL": {
		"name": "Grinlandia"
	},
	"GP": {
		"name": "Guadeloupe"
	},
	"GU": {
		"name": "Guam"
	},
	"GT": {
		"name": "Guatemala"
	},
	"GG": {
		"name": "Guernsey"
	},
	"GN": {
		"name": "Guinea"
	},
	"GQ": {
		"name": "Guinea Ekuatorial"
	},
	"GW": {
		"name": "Guinea-Bissau"
	},
	"GY": {
		"name": "Guyana"
	},
	"GF": {
		"name": "Guyana Prancis"
	},
	"HT": {
		"name": "Haiti"
	},
	"HN": {
		"name": "Honduras"
	},
	"HK": {
		"name": "Hong Kong SAR Tiongkok"
	},
	"HU": {
		"name": "Hungaria"
	},
	"IN": {
		"name": "India"
	},
	"ID": {
		"name": "Indonesia"
	},
	"GB": {
		"name": "Inggris"
	},
	"IQ": {
		"name": "Irak"
	},
	"IR": {
		"name": "Iran"
	},
	"IE": {
		"name": "Irlandia"
	},
	"IS": {
		"name": "Islandia"
	},
	"IL": {
		"name": "Israel"
	},
	"IT": {
		"name": "Italia"
	},
	"JM": {
		"name": "Jamaika"
	},
	"JP": {
		"name": "Jepang"
	},
	"DE": {
		"name": "Jerman"
	},
	"JE": {
		"name": "Jersey"
	},
	"DJ": {
		"name": "Jibuti"
	},
	"NC": {
		"name": "Kaledonia Baru"
	},
	"KH": {
		"name": "Kamboja"
	},
	"CM": {
		"name": "Kamerun"
	},
	"CA": {
		"name": "Kanada"
	},
	"BQ": {
		"name": "Karibia Belanda"
	},
	"KZ": {
		"name": "Kazakstan"
	},
	"KE": {
		"name": "Kenya"
	},
	"AX": {
		"name": "Kepulauan Aland"
	},
	"IC": {
		"name": "Kepulauan Canary"
	},
	"KY": {
		"name": "Kepulauan Cayman"
	},
	"CC": {
		"name": "Kepulauan Cocos"
	},
	"CK": {
		"name": "Kepulauan Cook"
	},
	"FO": {
		"name": "Kepulauan Faroe"
	},
	"FK": {
		"name": "Kepulauan Malvinas"
	},
	"MP": {
		"name": "Kepulauan Mariana Utara"
	},
	"MH": {
		"name": "Kepulauan Marshall"
	},
	"NF": {
		"name": "Kepulauan Norfolk"
	},
	"PN": {
		"name": "Kepulauan Pitcairn"
	},
	"SB": {
		"name": "Kepulauan Solomon"
	},
	"SJ": {
		"name": "Kepulauan Svalbard dan Jan Mayen"
	},
	"UM": {
		"name": "Kepulauan Terluar A.S."
	},
	"TC": {
		"name": "Kepulauan Turks dan Caicos"
	},
	"VI": {
		"name": "Kepulauan Virgin A.S."
	},
	"VG": {
		"name": "Kepulauan Virgin Inggris"
	},
	"WF": {
		"name": "Kepulauan Wallis dan Futuna"
	},
	"KG": {
		"name": "Kirgistan"
	},
	"KI": {
		"name": "Kiribati"
	},
	"CO": {
		"name": "Kolombia"
	},
	"KM": {
		"name": "Komoro"
	},
	"CG": {
		"name": "Kongo - Brazzaville"
	},
	"CD": {
		"name": "Kongo - Kinshasa"
	},
	"KR": {
		"name": "Korea Selatan"
	},
	"KP": {
		"name": "Korea Utara"
	},
	"XK": {
		"name": "Kosovo"
	},
	"CR": {
		"name": "Kosta Rika"
	},
	"HR": {
		"name": "Kroasia"
	},
	"CU": {
		"name": "Kuba"
	},
	"KW": {
		"name": "Kuwait"
	},
	"LA": {
		"name": "Laos"
	},
	"LV": {
		"name": "Latvia"
	},
	"LB": {
		"name": "Lebanon"
	},
	"LS": {
		"name": "Lesotho"
	},
	"LR": {
		"name": "Liberia"
	},
	"LY": {
		"name": "Libia"
	},
	"LI": {
		"name": "Liechtenstein"
	},
	"LT": {
		"name": "Lituania"
	},
	"LU": {
		"name": "Luksemburg"
	},
	"MG": {
		"name": "Madagaskar"
	},
	"MO": {
		"name": "Makau SAR Tiongkok"
	},
	"MK": {
		"name": "Makedonia"
	},
	"MV": {
		"name": "Maladewa"
	},
	"MW": {
		"name": "Malawi"
	},
	"MY": {
		"name": "Malaysia"
	},
	"ML": {
		"name": "Mali"
	},
	"MT": {
		"name": "Malta"
	},
	"MA": {
		"name": "Maroko"
	},
	"MQ": {
		"name": "Martinik"
	},
	"MR": {
		"name": "Mauritania"
	},
	"MU": {
		"name": "Mauritius"
	},
	"YT": {
		"name": "Mayotte"
	},
	"MX": {
		"name": "Meksiko"
	},
	"EG": {
		"name": "Mesir"
	},
	"FM": {
		"name": "Mikronesia"
	},
	"MD": {
		"name": "Moldova"
	},
	"MC": {
		"name": "Monako"
	},
	"MN": {
		"name": "Mongolia"
	},
	"ME": {
		"name": "Montenegro"
	},
	"MS": {
		"name": "Montserrat"
	},
	"MZ": {
		"name": "Mozambik"
	},
	"MM": {
		"name": "Myanmar (Burma)"
	},
	"NA": {
		"name": "Namibia"
	},
	"NR": {
		"name": "Nauru"
	},
	"NP": {
		"name": "Nepal"
	},
	"NE": {
		"name": "Niger"
	},
	"NG": {
		"name": "Nigeria"
	},
	"NI": {
		"name": "Nikaragua"
	},
	"NU": {
		"name": "Niue"
	},
	"NO": {
		"name": "Norwegia"
	},
	"OM": {
		"name": "Oman"
	},
	"PK": {
		"name": "Pakistan"
	},
	"PW": {
		"name": "Palau"
	},
	"PA": {
		"name": "Panama"
	},
	"PG": {
		"name": "Papua Nugini"
	},
	"PY": {
		"name": "Paraguay"
	},
	"PE": {
		"name": "Peru"
	},
	"PL": {
		"name": "Polandia"
	},
	"PF": {
		"name": "Polinesia Prancis"
	},
	"PT": {
		"name": "Portugal"
	},
	"FR": {
		"name": "Prancis"
	},
	"PR": {
		"name": "Puerto Riko"
	},
	"AC": {
		"name": "Pulau Ascension"
	},
	"CX": {
		"name": "Pulau Christmas"
	},
	"IM": {
		"name": "Pulau Man"
	},
	"QA": {
		"name": "Qatar"
	},
	"CF": {
		"name": "Republik Afrika Tengah"
	},
	"CZ": {
		"name": "Republik Cheska"
	},
	"DO": {
		"name": "Republik Dominika"
	},
	"RE": {
		"name": "Réunion"
	},
	"RO": {
		"name": "Rumania"
	},
	"RU": {
		"name": "Rusia"
	},
	"RW": {
		"name": "Rwanda"
	},
	"EH": {
		"name": "Sahara Barat"
	},
	"BL": {
		"name": "Saint Barthelemy"
	},
	"SH": {
		"name": "Saint Helena"
	},
	"KN": {
		"name": "Saint Kitts dan Nevis"
	},
	"LC": {
		"name": "Saint Lucia"
	},
	"MF": {
		"name": "Saint Martin"
	},
	"PM": {
		"name": "Saint Pierre dan Miquelon"
	},
	"VC": {
		"name": "Saint Vincent dan Grenadines"
	},
	"WS": {
		"name": "Samoa"
	},
	"AS": {
		"name": "Samoa Amerika"
	},
	"SM": {
		"name": "San Marino"
	},
	"ST": {
		"name": "Sao Tome dan Principe"
	},
	"NZ": {
		"name": "Selandia Baru"
	},
	"SN": {
		"name": "Senegal"
	},
	"RS": {
		"name": "Serbia"
	},
	"SC": {
		"name": "Seychelles"
	},
	"SL": {
		"name": "Sierra Leone"
	},
	"SG": {
		"name": "Singapura"
	},
	"SX": {
		"name": "Sint Maarten"
	},
	"CY": {
		"name": "Siprus"
	},
	"SK": {
		"name": "Slovakia"
	},
	"SI": {
		"name": "Slovenia"
	},
	"SO": {
		"name": "Somalia"
	},
	"ES": {
		"name": "Spanyol"
	},
	"LK": {
		"name": "Sri Lanka"
	},
	"SD": {
		"name": "Sudan"
	},
	"SS": {
		"name": "Sudan Selatan"
	},
	"SY": {
		"name": "Suriah"
	},
	"SR": {
		"name": "Suriname"
	},
	"SZ": {
		"name": "Swaziland"
	},
	"SE": {
		"name": "Swedia"
	},
	"CH": {
		"name": "Swiss"
	},
	"TW": {
		"name": "Taiwan"
	},
	"TJ": {
		"name": "Tajikistan"
	},
	"CV": {
		"name": "Tanjung Verde"
	},
	"TZ": {
		"name": "Tanzania"
	},
	"TH": {
		"name": "Thailand"
	},
	"TL": {
		"name": "Timor Leste"
	},
	"CN": {
		"name": "Tiongkok"
	},
	"TG": {
		"name": "Togo"
	},
	"TK": {
		"name": "Tokelau"
	},
	"TO": {
		"name": "Tonga"
	},
	"TT": {
		"name": "Trinidad dan Tobago"
	},
	"TA": {
		"name": "Tristan da Cunha"
	},
	"TN": {
		"name": "Tunisia"
	},
	"TR": {
		"name": "Turki"
	},
	"TM": {
		"name": "Turkimenistan"
	},
	"TV": {
		"name": "Tuvalu"
	},
	"UG": {
		"name": "Uganda"
	},
	"UA": {
		"name": "Ukraina"
	},
	"AE": {
		"name": "Uni Emirat Arab"
	},
	"UY": {
		"name": "Uruguay"
	},
	"UZ": {
		"name": "Uzbekistan"
	},
	"VU": {
		"name": "Vanuatu"
	},
	"VA": {
		"name": "Vatikan"
	},
	"VE": {
		"name": "Venezuela"
	},
	"VN": {
		"name": "Vietnam"
	},
	"IO": {
		"name": "Wilayah Inggris di Samudra Hindia"
	},
	"TF": {
		"name": "Wilayah Kutub Selatan Prancis"
	},
	"PS": {
		"name": "Wilayah Palestina"
	},
	"YE": {
		"name": "Yaman"
	},
	"JO": {
		"name": "Yordania"
	},
	"GR": {
		"name": "Yunani"
	},
	"ZM": {
		"name": "Zambia"
	},
	"ZW": {
		"name": "Zimbabwe"
	}
}