{
	"AF": {
		"name": "Afeganistãu"
	},
	"ZA": {
		"name": "Áfrika di Sul"
	},
	"HT": {
		"name": "Aití"
	},
	"AL": {
		"name": "Albánia"
	},
	"DE": {
		"name": "Alimanha"
	},
	"AD": {
		"name": "Andora"
	},
	"AI": {
		"name": "Angila"
	},
	"AO": {
		"name": "Angola"
	},
	"AQ": {
		"name": "Antártika"
	},
	"AG": {
		"name": "Antigua i Barbuda"
	},
	"SA": {
		"name": "Arábia Saudita"
	},
	"DZ": {
		"name": "Arjélia"
	},
	"AR": {
		"name": "Arjentina"
	},
	"AM": {
		"name": "Arménia"
	},
	"AW": {
		"name": "Aruba"
	},
	"AU": {
		"name": "Austrália"
	},
	"AT": {
		"name": "Áustria"
	},
	"AZ": {
		"name": "Azerbaijãu"
	},
	"BS": {
		"name": "Baamas"
	},
	"BD": {
		"name": "Bangladexi"
	},
	"BH": {
		"name": "Barain"
	},
	"BB": {
		"name": "Barbadus"
	},
	"BY": {
		"name": "Belarus"
	},
	"BZ": {
		"name": "Belizi"
	},
	"BE": {
		"name": "Béljika"
	},
	"BJ": {
		"name": "Benin"
	},
	"BM": {
		"name": "Bermudas"
	},
	"BO": {
		"name": "Bolívia"
	},
	"BA": {
		"name": "Bósnia i Erzegovina"
	},
	"BW": {
		"name": "Botsuana"
	},
	"BR": {
		"name": "Brazil"
	},
	"BN": {
		"name": "Brunei"
	},
	"BG": {
		"name": "Bulgária"
	},
	"BF": {
		"name": "Burkina Fasu"
	},
	"BI": {
		"name": "Burundi"
	},
	"BT": {
		"name": "Butãu"
	},
	"DG": {
		"name": "Diegu Garsia"
	},
	"DK": {
		"name": "Dinamarka"
	},
	"DJ": {
		"name": "Djibuti"
	},
	"DM": {
		"name": "Dominika"
	},
	"EG": {
		"name": "Ejitu"
	},
	"EC": {
		"name": "Ekuador"
	},
	"SV": {
		"name": "El Salvador"
	},
	"AE": {
		"name": "Emiradus Árabi Unidu"
	},
	"ET": {
		"name": "Etiópia"
	},
	"FJ": {
		"name": "Fidji"
	},
	"PH": {
		"name": "Filipinas"
	},
	"FI": {
		"name": "Finlándia"
	},
	"FR": {
		"name": "Fransa"
	},
	"GA": {
		"name": "Gabãu"
	},
	"GM": {
		"name": "Gámbia"
	},
	"GH": {
		"name": "Gana"
	},
	"GG": {
		"name": "Gernzi"
	},
	"GY": {
		"name": "Giana"
	},
	"GF": {
		"name": "Giana Franseza"
	},
	"GN": {
		"name": "Gine"
	},
	"GQ": {
		"name": "Gine Ekuatorial"
	},
	"GW": {
		"name": "Gine-Bisau"
	},
	"GD": {
		"name": "Granada"
	},
	"GR": {
		"name": "Grésia"
	},
	"GL": {
		"name": "Gronelándia"
	},
	"GP": {
		"name": "Guadalupi"
	},
	"GU": {
		"name": "Guam"
	},
	"GT": {
		"name": "Guatimala"
	},
	"YE": {
		"name": "Iémen"
	},
	"AC": {
		"name": "Ilha di Asensãu"
	},
	"IM": {
		"name": "Ilha di Man"
	},
	"CX": {
		"name": "Ilha di Natal"
	},
	"AX": {
		"name": "Ilhas Åland"
	},
	"IO": {
		"name": "Ilhas Británikas di Índiku"
	},
	"FO": {
		"name": "Ilhas Faroe"
	},
	"GS": {
		"name": "Ilhas Jeórjia di Sul i Sanduixi di Sul"
	},
	"KY": {
		"name": "Ilhas Kaimãu"
	},
	"CC": {
		"name": "Ilhas Kokus (Keeling)"
	},
	"CK": {
		"name": "Ilhas Kuk"
	},
	"FK": {
		"name": "Ilhas Malvinas"
	},
	"MP": {
		"name": "Ilhas Marianas di Norti"
	},
	"MH": {
		"name": "Ilhas Marxal"
	},
	"UM": {
		"name": "Ilhas Minoris Distantis de Stadus Unidus"
	},
	"NF": {
		"name": "Ilhas Norfolk"
	},
	"SB": {
		"name": "Ilhas Salumãu"
	},
	"TC": {
		"name": "Ilhas Turkas i Kaikus"
	},
	"VG": {
		"name": "Ilhas Virjens Británikas"
	},
	"VI": {
		"name": "Ilhas Virjens Merkanas"
	},
	"IN": {
		"name": "Índia"
	},
	"ID": {
		"name": "Indonézia"
	},
	"IQ": {
		"name": "Iraki"
	},
	"IR": {
		"name": "Irãu"
	},
	"ER": {
		"name": "Iritreia"
	},
	"IE": {
		"name": "Irlanda"
	},
	"IS": {
		"name": "Islándia"
	},
	"IL": {
		"name": "Israel"
	},
	"IT": {
		"name": "Itália"
	},
	"JM": {
		"name": "Jamaika"
	},
	"JP": {
		"name": "Japãu"
	},
	"JE": {
		"name": "Jersi"
	},
	"GI": {
		"name": "Jibraltar"
	},
	"GE": {
		"name": "Jiórjia"
	},
	"JO": {
		"name": "Jordánia"
	},
	"CV": {
		"name": "Kabu Verdi"
	},
	"CM": {
		"name": "Kamarõis"
	},
	"KH": {
		"name": "Kambodja"
	},
	"KM": {
		"name": "Kamoris"
	},
	"CA": {
		"name": "Kanadá"
	},
	"IC": {
		"name": "Kanárias"
	},
	"BQ": {
		"name": "Karaibas Olandezas"
	},
	"QA": {
		"name": "Katar"
	},
	"KZ": {
		"name": "Kazakistãu"
	},
	"KE": {
		"name": "Kénia"
	},
	"KG": {
		"name": "Kirgistãu"
	},
	"KI": {
		"name": "Kiribati"
	},
	"CO": {
		"name": "Kolômbia"
	},
	"CG": {
		"name": "Kongu - Brazavili"
	},
	"CD": {
		"name": "Kongu - Kinxasa"
	},
	"KP": {
		"name": "Koreia di Norti"
	},
	"KR": {
		"name": "Koreia di Sul"
	},
	"CI": {
		"name": "Kosta di Marfin"
	},
	"CR": {
		"name": "Kosta Rika"
	},
	"XK": {
		"name": "Kozovu"
	},
	"HR": {
		"name": "Kroásia"
	},
	"CU": {
		"name": "Kuba"
	},
	"KW": {
		"name": "Kueiti"
	},
	"CW": {
		"name": "Kurasau"
	},
	"LA": {
		"name": "Laus"
	},
	"LV": {
		"name": "Letónia"
	},
	"LS": {
		"name": "Lezotu"
	},
	"LB": {
		"name": "Líbanu"
	},
	"LR": {
		"name": "Libéria"
	},
	"LY": {
		"name": "Líbia"
	},
	"LT": {
		"name": "Lituánia"
	},
	"LI": {
		"name": "Lixenstain"
	},
	"LU": {
		"name": "Luxemburgu"
	},
	"MG": {
		"name": "Madagaskar"
	},
	"YT": {
		"name": "Maiote"
	},
	"MW": {
		"name": "Malaui"
	},
	"MY": {
		"name": "Malázia"
	},
	"MV": {
		"name": "Maldivas"
	},
	"ML": {
		"name": "Mali"
	},
	"MT": {
		"name": "Malta"
	},
	"MA": {
		"name": "Marokus"
	},
	"MQ": {
		"name": "Martinika"
	},
	"MK": {
		"name": "Masidónia"
	},
	"MU": {
		"name": "Maurísia"
	},
	"MR": {
		"name": "Mauritánia"
	},
	"MX": {
		"name": "Méxiku"
	},
	"MM": {
		"name": "Mianmar (Birmánia)"
	},
	"FM": {
		"name": "Mikronézia"
	},
	"MD": {
		"name": "Moldávia"
	},
	"MC": {
		"name": "Mónaku"
	},
	"MN": {
		"name": "Mongólia"
	},
	"MS": {
		"name": "Monserat"
	},
	"ME": {
		"name": "Montenegru"
	},
	"MZ": {
		"name": "Musambiki"
	},
	"NA": {
		"name": "Namíbia"
	},
	"NR": {
		"name": "Nauru"
	},
	"NP": {
		"name": "Nepal"
	},
	"NE": {
		"name": "Nijer"
	},
	"NG": {
		"name": "Nijéria"
	},
	"NI": {
		"name": "Nikarágua"
	},
	"NU": {
		"name": "Niue"
	},
	"NO": {
		"name": "Noruega"
	},
	"NC": {
		"name": "Nova Kalidónia"
	},
	"NZ": {
		"name": "Nova Zilándia"
	},
	"NL": {
		"name": "Olanda"
	},
	"OM": {
		"name": "Oman"
	},
	"HN": {
		"name": "Onduras"
	},
	"PK": {
		"name": "Pakistãu"
	},
	"PW": {
		"name": "Palau"
	},
	"PS": {
		"name": "Palistina"
	},
	"PA": {
		"name": "Panamá"
	},
	"PG": {
		"name": "Papua-Nova Gine"
	},
	"PY": {
		"name": "Paraguai"
	},
	"PE": {
		"name": "Peru"
	},
	"PN": {
		"name": "Pirkairn"
	},
	"PF": {
		"name": "Polinézia Franseza"
	},
	"PR": {
		"name": "Portu Riku"
	},
	"PL": {
		"name": "Pulónia"
	},
	"PT": {
		"name": "Purtugal"
	},
	"GB": {
		"name": "Reinu Unidu"
	},
	"HK": {
		"name": "Rejiãu Administrativu Spesial di Hong Kong"
	},
	"MO": {
		"name": "Rejiãu Administrativu Spesial di Makau"
	},
	"DO": {
		"name": "Repúblika Dominikana"
	},
	"CF": {
		"name": "Republika Sentru-Afrikanu"
	},
	"CZ": {
		"name": "Repúblika Txeka"
	},
	"RW": {
		"name": "Ruanda"
	},
	"RO": {
		"name": "Ruménia"
	},
	"RE": {
		"name": "Runiãu"
	},
	"RU": {
		"name": "Rúsia"
	},
	"WS": {
		"name": "Samoa"
	},
	"AS": {
		"name": "Samoa Merkanu"
	},
	"SM": {
		"name": "San Marinu"
	},
	"PM": {
		"name": "San Piere i Mikelon"
	},
	"SH": {
		"name": "Santa Ilena"
	},
	"LC": {
		"name": "Santa Lúsia"
	},
	"EH": {
		"name": "Sara Osidental"
	},
	"BL": {
		"name": "Sãu Bartolomeu"
	},
	"VC": {
		"name": "Sãu Bisenti i Granadinas"
	},
	"KN": {
		"name": "Sãu Kristovãu i Nevis"
	},
	"MF": {
		"name": "Sãu Martinhu di Fransa"
	},
	"SX": {
		"name": "Sãu Martinhu di Olanda"
	},
	"ST": {
		"name": "Sãu Tume i Prínsipi"
	},
	"SC": {
		"name": "Seixelis"
	},
	"SN": {
		"name": "Senegal"
	},
	"SL": {
		"name": "Sera Lioa"
	},
	"RS": {
		"name": "Sérvia"
	},
	"EA": {
		"name": "Seuta i Melilha"
	},
	"SG": {
		"name": "Singapura"
	},
	"SY": {
		"name": "Síria"
	},
	"SK": {
		"name": "Slovákia"
	},
	"SI": {
		"name": "Slovénia"
	},
	"ES": {
		"name": "Spanha"
	},
	"LK": {
		"name": "Sri Lanka"
	},
	"US": {
		"name": "Stadus Unidos di Merka"
	},
	"EE": {
		"name": "Stónia"
	},
	"SZ": {
		"name": "Suazilándia"
	},
	"SD": {
		"name": "Sudãu"
	},
	"SS": {
		"name": "Sudãu di Sul"
	},
	"SE": {
		"name": "Suésia"
	},
	"CH": {
		"name": "Suisa"
	},
	"SO": {
		"name": "Sumália"
	},
	"SR": {
		"name": "Surinami"
	},
	"SJ": {
		"name": "Svalbard i Jan Maien"
	},
	"TJ": {
		"name": "Tadjikistãu"
	},
	"TH": {
		"name": "Tailándia"
	},
	"TW": {
		"name": "Taiuan"
	},
	"TZ": {
		"name": "Tanzánia"
	},
	"TF": {
		"name": "Terras Franses di Sul"
	},
	"TL": {
		"name": "Timor Lesti"
	},
	"TG": {
		"name": "Togu"
	},
	"TK": {
		"name": "Tokelau"
	},
	"TO": {
		"name": "Tonga"
	},
	"TT": {
		"name": "Trinidad i Tobagu"
	},
	"TA": {
		"name": "Tristan da Kunha"
	},
	"TN": {
		"name": "Tunízia"
	},
	"TR": {
		"name": "Turkia"
	},
	"TM": {
		"name": "Turkumenistãu"
	},
	"TV": {
		"name": "Tuvalu"
	},
	"TD": {
		"name": "Txadi"
	},
	"WF": {
		"name": "Ualis i Futuna"
	},
	"UG": {
		"name": "Uganda"
	},
	"UA": {
		"name": "Ukránia"
	},
	"HU": {
		"name": "Ungria"
	},
	"UY": {
		"name": "Uruguai"
	},
	"UZ": {
		"name": "Uzbekistãu"
	},
	"VU": {
		"name": "Vanuatu"
	},
	"VA": {
		"name": "Vatikanu"
	},
	"VN": {
		"name": "Vietnam"
	},
	"VE": {
		"name": "Vinizuela"
	},
	"CL": {
		"name": "Xili"
	},
	"CN": {
		"name": "Xina"
	},
	"CY": {
		"name": "Xipri"
	},
	"ZM": {
		"name": "Zámbia"
	},
	"ZW": {
		"name": "Zimbábui"
	}
}