{
	"KH": {
		"name": "កម្ពុជា"
	},
	"CA": {
		"name": "កាណាដា"
	},
	"QA": {
		"name": "កាតា"
	},
	"CV": {
		"name": "កាបវែរ"
	},
	"CM": {
		"name": "កាមេរូន"
	},
	"KZ": {
		"name": "កាហ្សាក់ស្ថាន"
	},
	"CG": {
		"name": "កុងហ្គោ - ប្រាហ្សាវីល"
	},
	"CD": {
		"name": "កុងហ្គោ- គីនស្ហាសា"
	},
	"CI": {
		"name": "កូដឌីវ័រ"
	},
	"KM": {
		"name": "កូម័រ"
	},
	"CW": {
		"name": "កូរ៉ាកៅ"
	},
	"KP": {
		"name": "កូរ៉េ​ខាង​ជើង"
	},
	"KR": {
		"name": "កូរ៉េ​ខាង​ត្បូង"
	},
	"XK": {
		"name": "កូសូវ៉ូ"
	},
	"CR": {
		"name": "កូស្តារីកា"
	},
	"CO": {
		"name": "កូឡុំប៊ី"
	},
	"KG": {
		"name": "កៀហ្ស៊ីស៊ីស្ថាន"
	},
	"KE": {
		"name": "កេនយ៉ា"
	},
	"IC": {
		"name": "កោះ​កាណារី"
	},
	"CC": {
		"name": "កោះ​កូកូស (គីលីង)"
	},
	"KY": {
		"name": "កោះ​កៃម៉ង់"
	},
	"CK": {
		"name": "កោះ​ខូក"
	},
	"CX": {
		"name": "កោះ​គ្រីស្មាស"
	},
	"NF": {
		"name": "កោះ​ណ័រហ្វក់"
	},
	"TC": {
		"name": "កោះ​ទួគ និង កៃកូស"
	},
	"PN": {
		"name": "កោះ​ភីតកាន"
	},
	"MP": {
		"name": "កោះ​ម៉ារីណា​ខាង​ជើង"
	},
	"MH": {
		"name": "កោះ​ម៉ាស់សល"
	},
	"VG": {
		"name": "កោះ​វឺជិន​ចក្រភព​អង់គ្លេស"
	},
	"VI": {
		"name": "កោះ​វឺជីន​អាមេរិក"
	},
	"SB": {
		"name": "កោះ​សូឡូម៉ុង"
	},
	"FK": {
		"name": "កោះ​ហ្វក់ឡែន"
	},
	"FO": {
		"name": "កោះ​ហ្វារ៉ូ"
	},
	"GS": {
		"name": "កោះ​ហ្សកហ្ស៊ី​ខាង​ត្បូង និង សាន់វិច​ខាង​ត្បូង"
	},
	"AC": {
		"name": "កោះ​អាសេនសិន"
	},
	"AX": {
		"name": "កោះ​អាឡាំង"
	},
	"UM": {
		"name": "កោះ​អៅឡាយីង​អាមេរិក"
	},
	"GR": {
		"name": "ក្រិក"
	},
	"HR": {
		"name": "ក្រូអាត"
	},
	"KI": {
		"name": "គិរិបាទី"
	},
	"CU": {
		"name": "គុយបា"
	},
	"KW": {
		"name": "គុយវ៉ែត"
	},
	"GB": {
		"name": "ចក្រភព​អង់គ្លេស"
	},
	"JM": {
		"name": "ចាម៉ៃកា"
	},
	"CN": {
		"name": "ចិន"
	},
	"TD": {
		"name": "ឆាដ"
	},
	"JP": {
		"name": "ជប៉ុន"
	},
	"DJ": {
		"name": "ជីប៊ូទី"
	},
	"EA": {
		"name": "ជឺតា និង​ម៉េលីឡា"
	},
	"JE": {
		"name": "ជឺស៊ី"
	},
	"NC": {
		"name": "ញូកាឡេដូនៀ"
	},
	"DK": {
		"name": "ដាណឺម៉ាក"
	},
	"DM": {
		"name": "ដូមីនីក"
	},
	"TF": {
		"name": "ដែនដី​បារាំង​នៅ​ភាគខាងត្បូង"
	},
	"IO": {
		"name": "ដែនដី​អង់គ្លេស​នៅ​មហា​សមុទ្រ​ឥណ្ឌា"
	},
	"PS": {
		"name": "ដែន​ប៉ាលេស្ទីន"
	},
	"DG": {
		"name": "ឌៀហ្គោហ្គាស៊ី"
	},
	"NA": {
		"name": "ណាមីប៊ី"
	},
	"NR": {
		"name": "ណូរូ"
	},
	"NU": {
		"name": "ណៀ"
	},
	"TZ": {
		"name": "តង់ហ្សានី"
	},
	"TJ": {
		"name": "តាហ្ស៊ីគីស្ថាន"
	},
	"TO": {
		"name": "តុងហ្គា"
	},
	"TK": {
		"name": "តូខេឡៅ"
	},
	"TG": {
		"name": "តូហ្គោ"
	},
	"TM": {
		"name": "តួកម៉េនីស្ថាន"
	},
	"TW": {
		"name": "តៃវ៉ាន់"
	},
	"TH": {
		"name": "ថៃ"
	},
	"TL": {
		"name": "ទីម័រ"
	},
	"TN": {
		"name": "ទុយនេស៊ី"
	},
	"TV": {
		"name": "ទូវ៉ាលូ"
	},
	"TR": {
		"name": "ទួរគី"
	},
	"TT": {
		"name": "ទ្រីនីដាត និង​តូបាហ្គោ"
	},
	"TA": {
		"name": "ទ្រីស្តង់​ដា​ចូនហា"
	},
	"NO": {
		"name": "ន័រវែស"
	},
	"NI": {
		"name": "នីការ៉ាហ្គ័រ"
	},
	"NE": {
		"name": "នីហ្សេរ"
	},
	"NG": {
		"name": "នីហ្សេរីយ៉ា"
	},
	"NZ": {
		"name": "នូវែលហ្សេឡង់"
	},
	"NP": {
		"name": "នេប៉ាល់"
	},
	"BD": {
		"name": "បង់ក្លាដែស"
	},
	"PK": {
		"name": "ប៉ាគីស្ថាន"
	},
	"PA": {
		"name": "ប៉ាណាម៉ា"
	},
	"BB": {
		"name": "បាបាដុស"
	},
	"PG": {
		"name": "ប៉ាពួញ៉ូហ្គីណេ"
	},
	"PY": {
		"name": "ប៉ារ៉ាហ្គាយ"
	},
	"BH": {
		"name": "បារ៉ែន"
	},
	"FR": {
		"name": "បារាំង"
	},
	"BS": {
		"name": "បាហាម៉ា"
	},
	"BM": {
		"name": "ប៊ឺមុយដា"
	},
	"BW": {
		"name": "បុតស្វាណា"
	},
	"VA": {
		"name": "បុរី​វ៉ាទីកង់"
	},
	"BG": {
		"name": "ប៊ុលហ្គារី"
	},
	"BT": {
		"name": "ប៊ូតាន"
	},
	"BI": {
		"name": "ប៊ូរុនឌី"
	},
	"PF": {
		"name": "ប៉ូលី​ណេស៊ី​បារាំង"
	},
	"BO": {
		"name": "បូលីវី"
	},
	"BA": {
		"name": "បូស្នី និងហឺហ្សីហ្គូវីណា"
	},
	"PL": {
		"name": "ប៉ូឡូញ"
	},
	"BF": {
		"name": "បួគីណាហ្វាសូ"
	},
	"BJ": {
		"name": "បេណាំង"
	},
	"PE": {
		"name": "ប៉េរូ"
	},
	"BZ": {
		"name": "បេលីហ្ស"
	},
	"BY": {
		"name": "បេឡារុស្ស"
	},
	"BE": {
		"name": "បែលហ្ស៊ិក"
	},
	"BN": {
		"name": "ប្រ៊ុយណេ"
	},
	"BR": {
		"name": "ប្រេស៊ីល"
	},
	"PW": {
		"name": "ផៅឡូ"
	},
	"PR": {
		"name": "ព័រតូរីកូ"
	},
	"PT": {
		"name": "ព័រទុយហ្គាល់"
	},
	"MO": {
		"name": "ម៉ាកាវ"
	},
	"MG": {
		"name": "ម៉ាដាហ្គាស្កា"
	},
	"MQ": {
		"name": "ម៉ាទីនីក"
	},
	"YT": {
		"name": "ម៉ាយុត"
	},
	"MA": {
		"name": "ម៉ារ៉ុក"
	},
	"MV": {
		"name": "ម៉ាល់ឌីវ"
	},
	"MT": {
		"name": "ម៉ាល់តា"
	},
	"ML": {
		"name": "ម៉ាលី"
	},
	"MK": {
		"name": "ម៉ាសេដូនា"
	},
	"MW": {
		"name": "ម៉ាឡាវី"
	},
	"MY": {
		"name": "ម៉ាឡេស៊ី"
	},
	"MX": {
		"name": "ម៉ិកស៊ិក"
	},
	"FM": {
		"name": "មីក្រូណេស៊ី"
	},
	"MM": {
		"name": "មីយ៉ាន់ម៉ា (ភូមា)"
	},
	"ME": {
		"name": "ម៉ុងតេណេហ្គ្រោ"
	},
	"MS": {
		"name": "ម៉ុង​សេរ៉ង់"
	},
	"MN": {
		"name": "ម៉ុងហ្គោលី"
	},
	"MD": {
		"name": "ម៉ុលដាវី"
	},
	"MC": {
		"name": "ម៉ូណាកូ"
	},
	"MR": {
		"name": "ម៉ូរីតានី"
	},
	"MU": {
		"name": "ម៉ូរីស"
	},
	"MZ": {
		"name": "ម៉ូហ្សាំប៊ិក"
	},
	"YE": {
		"name": "យេមែន"
	},
	"RW": {
		"name": "រវ៉ាន់ដា"
	},
	"RU": {
		"name": "រុស្ស៊ី"
	},
	"RO": {
		"name": "រូម៉ានី"
	},
	"RE": {
		"name": "រេអុយញ៉ុង"
	},
	"LI": {
		"name": "លិចទេនស្តែន"
	},
	"LT": {
		"name": "លីទុយអានី"
	},
	"LB": {
		"name": "លីបង់"
	},
	"LY": {
		"name": "លីប៊ី"
	},
	"LR": {
		"name": "លីបេរីយ៉ា"
	},
	"LU": {
		"name": "លុចហ្សំបួរ"
	},
	"VU": {
		"name": "វ៉ានូអាទូ"
	},
	"WF": {
		"name": "វ៉ាលីស និង​ហ្វូទូណា"
	},
	"VN": {
		"name": "វៀតណាម"
	},
	"VE": {
		"name": "វេនេហ្ស៊ុយឡា"
	},
	"BL": {
		"name": "សង់ បាតេឡេម៉ី"
	},
	"KN": {
		"name": "សង់ឃីត និង​ណេវីស"
	},
	"PM": {
		"name": "សង់ព្យែរ និង​មីគីឡុង"
	},
	"MF": {
		"name": "សង់​ម៉ាទីន"
	},
	"LC": {
		"name": "សង់​លូសៀ"
	},
	"SH": {
		"name": "សង់​ហេឡេណា"
	},
	"US": {
		"name": "សហរដ្ឋអាមេរិក"
	},
	"CZ": {
		"name": "សាធារណរដ្ឋឆេក"
	},
	"DO": {
		"name": "សាធារណរដ្ឋ​ដូមីនីក"
	},
	"CF": {
		"name": "សាធារណរដ្ឋអាហ្វ្រិកកណ្ដាល"
	},
	"SM": {
		"name": "សាន​ម៉ារីណូ"
	},
	"WS": {
		"name": "សាម័រ"
	},
	"AS": {
		"name": "សាម័រ អាមេរិកាំង"
	},
	"EH": {
		"name": "សាហារ៉ាខាងលិច"
	},
	"SG": {
		"name": "សិង្ហបុរី"
	},
	"SX": {
		"name": "សីង​ម៉ាធីន"
	},
	"CY": {
		"name": "ស៊ីប"
	},
	"SY": {
		"name": "ស៊ីរី"
	},
	"CL": {
		"name": "ស៊ីលី"
	},
	"SC": {
		"name": "សីសែល"
	},
	"SE": {
		"name": "ស៊ុយអែត"
	},
	"SD": {
		"name": "ស៊ូដង់"
	},
	"SS": {
		"name": "ស៊ូដង់​ខាង​ត្បូង"
	},
	"SO": {
		"name": "សូម៉ាលី"
	},
	"SR": {
		"name": "សូរីណាម"
	},
	"SN": {
		"name": "សេណេហ្គាល់"
	},
	"SL": {
		"name": "សេរ៉ាឡេអូន"
	},
	"RS": {
		"name": "ស៊ែប"
	},
	"ST": {
		"name": "សៅតូម៉េ និង ប្រាំងស៊ីប"
	},
	"VC": {
		"name": "សាំង​វីនសេន និង​ឌឹ​ហ្គ្រីណាឌីនីស"
	},
	"LK": {
		"name": "ស្រីលង្កា"
	},
	"SK": {
		"name": "ស្លូវ៉ាគី"
	},
	"SI": {
		"name": "ស្លូវេនី"
	},
	"SJ": {
		"name": "ស្វាលបាដ និង ហ្សង់ម៉ាយេន"
	},
	"SZ": {
		"name": "ស្វាហ្ស៊ីឡង់"
	},
	"CH": {
		"name": "ស្វីស"
	},
	"HK": {
		"name": "ហុងកុង"
	},
	"HU": {
		"name": "ហុងគ្រី"
	},
	"HN": {
		"name": "ហុងឌូរ៉ាស"
	},
	"BQ": {
		"name": "ហុល្លង់ ការ៉ាប៊ីន"
	},
	"NL": {
		"name": "ហូឡង់"
	},
	"HT": {
		"name": "ហៃទី"
	},
	"GH": {
		"name": "ហ្គាណា"
	},
	"GT": {
		"name": "ហ្គាតេម៉ាឡា"
	},
	"GA": {
		"name": "ហ្គាបុង"
	},
	"GN": {
		"name": "ហ្គីណេ"
	},
	"GW": {
		"name": "ហ្គីណេប៊ីសូ"
	},
	"GQ": {
		"name": "ហ្គីណេអេក្វាទ័រ"
	},
	"GI": {
		"name": "ហ្គីប្រាលតា"
	},
	"GY": {
		"name": "ហ្គីយ៉ាណា"
	},
	"GF": {
		"name": "ហ្គៀណាបារាំង"
	},
	"GG": {
		"name": "ហ្គេនស៊ី"
	},
	"GP": {
		"name": "ហ្គោដឺឡុប"
	},
	"GU": {
		"name": "ហ្គាំ"
	},
	"GM": {
		"name": "ហ្គាំប៊ី"
	},
	"GD": {
		"name": "ហ្គ្រីណាដា"
	},
	"GL": {
		"name": "ហ្គ្រោអង់ឡង់"
	},
	"FJ": {
		"name": "ហ្វីជី"
	},
	"PH": {
		"name": "ហ្វីលីពីន"
	},
	"FI": {
		"name": "ហ្វាំងឡង់"
	},
	"JO": {
		"name": "ហ៊្សកដានី"
	},
	"GE": {
		"name": "ហ្សកហ្ស៊ី"
	},
	"ZW": {
		"name": "ហ្ស៊ីមបាវ៉េ"
	},
	"ZM": {
		"name": "ហ្សាំប៊ី"
	},
	"LV": {
		"name": "ឡាតវីយ៉ា"
	},
	"LA": {
		"name": "ឡាវ"
	},
	"LS": {
		"name": "ឡេសូតូ"
	},
	"AD": {
		"name": "អង់ដូរ៉ា"
	},
	"AQ": {
		"name": "អង់តាក់ទិក"
	},
	"AG": {
		"name": "អង់ទីហ្គា និង បាប៊ុយដា"
	},
	"AI": {
		"name": "អង់ហ្គីឡា"
	},
	"AO": {
		"name": "អង់ហ្គោឡា"
	},
	"AM": {
		"name": "អាមេនី"
	},
	"AE": {
		"name": "អារ៉ាប់រួម"
	},
	"SA": {
		"name": "អារ៉ាប៊ីសាអូឌីត"
	},
	"AW": {
		"name": "អារូបា"
	},
	"AL": {
		"name": "អាល់បានី"
	},
	"DZ": {
		"name": "អាល់ហ្សេរី"
	},
	"DE": {
		"name": "អាល្លឺម៉ង់"
	},
	"AZ": {
		"name": "អាស៊ែបៃហ្សង់"
	},
	"AF": {
		"name": "អាហ្វហ្គានីស្ថាន"
	},
	"ZA": {
		"name": "អាហ្វ្រិកខាងត្បូង"
	},
	"AR": {
		"name": "អាហ្សង់ទីន"
	},
	"IN": {
		"name": "ឥណ្ឌា"
	},
	"ID": {
		"name": "ឥណ្ឌូណេស៊ី"
	},
	"IT": {
		"name": "អ៊ីតាលី"
	},
	"IR": {
		"name": "អ៊ីរ៉ង់"
	},
	"IQ": {
		"name": "អ៊ីរ៉ាក់"
	},
	"IL": {
		"name": "អ៊ីស្រាអែល"
	},
	"IS": {
		"name": "អ៊ីស្លង់"
	},
	"UA": {
		"name": "អ៊ុយក្រែន"
	},
	"UY": {
		"name": "អ៊ុយរ៉ាហ្គាយ"
	},
	"AT": {
		"name": "អូទ្រីស"
	},
	"OM": {
		"name": "អូម៉ង់"
	},
	"UZ": {
		"name": "អ៊ូសបេគីស្ថាន"
	},
	"AU": {
		"name": "អូស្ត្រាលី"
	},
	"UG": {
		"name": "អ៊ូហ្គង់ដា"
	},
	"IE": {
		"name": "អៀរឡង់"
	},
	"EC": {
		"name": "អេក្វាឌ័រ"
	},
	"ET": {
		"name": "អេត្យូពី"
	},
	"ER": {
		"name": "អេរីទ្រា"
	},
	"EE": {
		"name": "អេស្តូនី"
	},
	"ES": {
		"name": "អេស្ប៉ាញ"
	},
	"EG": {
		"name": "អេហ្ស៊ីប"
	},
	"SV": {
		"name": "អែលសាល់វ៉ាឌ័រ"
	},
	"IM": {
		"name": "អែលអុហ្វមែន"
	}
}