{
	"GH": {
		"name": "가나"
	},
	"GA": {
		"name": "가봉"
	},
	"GY": {
		"name": "가이아나"
	},
	"GM": {
		"name": "감비아"
	},
	"GG": {
		"name": "건지"
	},
	"GP": {
		"name": "과들루프"
	},
	"GT": {
		"name": "과테말라"
	},
	"GU": {
		"name": "괌"
	},
	"GD": {
		"name": "그레나다"
	},
	"GR": {
		"name": "그리스"
	},
	"GL": {
		"name": "그린란드"
	},
	"GN": {
		"name": "기니"
	},
	"GW": {
		"name": "기니비사우"
	},
	"NA": {
		"name": "나미비아"
	},
	"NR": {
		"name": "나우루"
	},
	"NG": {
		"name": "나이지리아"
	},
	"AQ": {
		"name": "남극 대륙"
	},
	"SS": {
		"name": "남수단"
	},
	"ZA": {
		"name": "남아프리카"
	},
	"NL": {
		"name": "네덜란드"
	},
	"BQ": {
		"name": "네덜란드령 카리브"
	},
	"NP": {
		"name": "네팔"
	},
	"NO": {
		"name": "노르웨이"
	},
	"NF": {
		"name": "노퍽섬"
	},
	"NZ": {
		"name": "뉴질랜드"
	},
	"NC": {
		"name": "뉴칼레도니아"
	},
	"NU": {
		"name": "니우에"
	},
	"NE": {
		"name": "니제르"
	},
	"NI": {
		"name": "니카라과"
	},
	"TW": {
		"name": "대만"
	},
	"KR": {
		"name": "대한민국"
	},
	"DK": {
		"name": "덴마크"
	},
	"DM": {
		"name": "도미니카"
	},
	"DO": {
		"name": "도미니카 공화국"
	},
	"DE": {
		"name": "독일"
	},
	"TL": {
		"name": "동티모르"
	},
	"DG": {
		"name": "디에고 가르시아"
	},
	"LA": {
		"name": "라오스"
	},
	"LR": {
		"name": "라이베리아"
	},
	"LV": {
		"name": "라트비아"
	},
	"RU": {
		"name": "러시아"
	},
	"LB": {
		"name": "레바논"
	},
	"LS": {
		"name": "레소토"
	},
	"RO": {
		"name": "루마니아"
	},
	"LU": {
		"name": "룩셈부르크"
	},
	"RW": {
		"name": "르완다"
	},
	"LY": {
		"name": "리비아"
	},
	"RE": {
		"name": "리유니온"
	},
	"LT": {
		"name": "리투아니아"
	},
	"LI": {
		"name": "리히텐슈타인"
	},
	"MG": {
		"name": "마다가스카르"
	},
	"MQ": {
		"name": "마르티니크"
	},
	"MH": {
		"name": "마셜 제도"
	},
	"YT": {
		"name": "마요트"
	},
	"MO": {
		"name": "마카오(중국 특별행정구)"
	},
	"MK": {
		"name": "마케도니아"
	},
	"MW": {
		"name": "말라위"
	},
	"MY": {
		"name": "말레이시아"
	},
	"ML": {
		"name": "말리"
	},
	"IM": {
		"name": "맨 섬"
	},
	"MX": {
		"name": "멕시코"
	},
	"MC": {
		"name": "모나코"
	},
	"MA": {
		"name": "모로코"
	},
	"MU": {
		"name": "모리셔스"
	},
	"MR": {
		"name": "모리타니"
	},
	"MZ": {
		"name": "모잠비크"
	},
	"ME": {
		"name": "몬테네그로"
	},
	"MS": {
		"name": "몬트세라트"
	},
	"MD": {
		"name": "몰도바"
	},
	"MV": {
		"name": "몰디브"
	},
	"MT": {
		"name": "몰타"
	},
	"MN": {
		"name": "몽골"
	},
	"US": {
		"name": "미국"
	},
	"VI": {
		"name": "미국령 버진아일랜드"
	},
	"UM": {
		"name": "미국령 해외 제도"
	},
	"MM": {
		"name": "미얀마"
	},
	"FM": {
		"name": "미크로네시아"
	},
	"VU": {
		"name": "바누아투"
	},
	"BH": {
		"name": "바레인"
	},
	"BB": {
		"name": "바베이도스"
	},
	"VA": {
		"name": "바티칸 시국"
	},
	"BS": {
		"name": "바하마"
	},
	"BD": {
		"name": "방글라데시"
	},
	"BM": {
		"name": "버뮤다"
	},
	"BJ": {
		"name": "베냉"
	},
	"VE": {
		"name": "베네수엘라"
	},
	"VN": {
		"name": "베트남"
	},
	"BE": {
		"name": "벨기에"
	},
	"BY": {
		"name": "벨라루스"
	},
	"BZ": {
		"name": "벨리즈"
	},
	"BA": {
		"name": "보스니아 헤르체고비나"
	},
	"BW": {
		"name": "보츠와나"
	},
	"BO": {
		"name": "볼리비아"
	},
	"BI": {
		"name": "부룬디"
	},
	"BF": {
		"name": "부르키나파소"
	},
	"BT": {
		"name": "부탄"
	},
	"MP": {
		"name": "북마리아나제도"
	},
	"BG": {
		"name": "불가리아"
	},
	"BR": {
		"name": "브라질"
	},
	"BN": {
		"name": "브루나이"
	},
	"WS": {
		"name": "사모아"
	},
	"SA": {
		"name": "사우디아라비아"
	},
	"GS": {
		"name": "사우스조지아 사우스샌드위치 제도"
	},
	"SM": {
		"name": "산마리노"
	},
	"ST": {
		"name": "상투메 프린시페"
	},
	"MF": {
		"name": "생마르탱"
	},
	"BL": {
		"name": "생바르텔레미"
	},
	"PM": {
		"name": "생피에르 미클롱"
	},
	"EH": {
		"name": "서사하라"
	},
	"SN": {
		"name": "세네갈"
	},
	"RS": {
		"name": "세르비아"
	},
	"EA": {
		"name": "세우타 및 멜리야"
	},
	"SC": {
		"name": "세이셸"
	},
	"LC": {
		"name": "세인트루시아"
	},
	"VC": {
		"name": "세인트빈센트그레나딘"
	},
	"KN": {
		"name": "세인트키츠 네비스"
	},
	"SH": {
		"name": "세인트헬레나"
	},
	"SO": {
		"name": "소말리아"
	},
	"SB": {
		"name": "솔로몬 제도"
	},
	"SD": {
		"name": "수단"
	},
	"SR": {
		"name": "수리남"
	},
	"LK": {
		"name": "스리랑카"
	},
	"SJ": {
		"name": "스발바르제도-얀마웬섬"
	},
	"SZ": {
		"name": "스와질란드"
	},
	"SE": {
		"name": "스웨덴"
	},
	"CH": {
		"name": "스위스"
	},
	"ES": {
		"name": "스페인"
	},
	"SK": {
		"name": "슬로바키아"
	},
	"SI": {
		"name": "슬로베니아"
	},
	"SY": {
		"name": "시리아"
	},
	"SL": {
		"name": "시에라리온"
	},
	"SX": {
		"name": "신트마르턴"
	},
	"SG": {
		"name": "싱가포르"
	},
	"AE": {
		"name": "아랍에미리트"
	},
	"AW": {
		"name": "아루바"
	},
	"AM": {
		"name": "아르메니아"
	},
	"AR": {
		"name": "아르헨티나"
	},
	"AS": {
		"name": "아메리칸 사모아"
	},
	"IS": {
		"name": "아이슬란드"
	},
	"HT": {
		"name": "아이티"
	},
	"IE": {
		"name": "아일랜드"
	},
	"AZ": {
		"name": "아제르바이잔"
	},
	"AF": {
		"name": "아프가니스탄"
	},
	"AD": {
		"name": "안도라"
	},
	"AL": {
		"name": "알바니아"
	},
	"DZ": {
		"name": "알제리"
	},
	"AO": {
		"name": "앙골라"
	},
	"AG": {
		"name": "앤티가 바부다"
	},
	"AI": {
		"name": "앵귈라"
	},
	"AC": {
		"name": "어센션 섬"
	},
	"ER": {
		"name": "에리트리아"
	},
	"EE": {
		"name": "에스토니아"
	},
	"EC": {
		"name": "에콰도르"
	},
	"ET": {
		"name": "에티오피아"
	},
	"SV": {
		"name": "엘살바도르"
	},
	"GB": {
		"name": "영국"
	},
	"VG": {
		"name": "영국령 버진아일랜드"
	},
	"IO": {
		"name": "영국령 인도양 식민지"
	},
	"YE": {
		"name": "예멘"
	},
	"OM": {
		"name": "오만"
	},
	"AU": {
		"name": "오스트레일리아"
	},
	"AT": {
		"name": "오스트리아"
	},
	"HN": {
		"name": "온두라스"
	},
	"AX": {
		"name": "올란드 제도"
	},
	"WF": {
		"name": "왈리스-푸투나 제도"
	},
	"JO": {
		"name": "요르단"
	},
	"UG": {
		"name": "우간다"
	},
	"UY": {
		"name": "우루과이"
	},
	"UZ": {
		"name": "우즈베키스탄"
	},
	"UA": {
		"name": "우크라이나"
	},
	"IQ": {
		"name": "이라크"
	},
	"IR": {
		"name": "이란"
	},
	"IL": {
		"name": "이스라엘"
	},
	"EG": {
		"name": "이집트"
	},
	"IT": {
		"name": "이탈리아"
	},
	"IN": {
		"name": "인도"
	},
	"ID": {
		"name": "인도네시아"
	},
	"JP": {
		"name": "일본"
	},
	"JM": {
		"name": "자메이카"
	},
	"ZM": {
		"name": "잠비아"
	},
	"JE": {
		"name": "저지"
	},
	"GQ": {
		"name": "적도 기니"
	},
	"KP": {
		"name": "조선민주주의인민공화국"
	},
	"GE": {
		"name": "조지아"
	},
	"CN": {
		"name": "중국"
	},
	"CF": {
		"name": "중앙 아프리카 공화국"
	},
	"DJ": {
		"name": "지부티"
	},
	"GI": {
		"name": "지브롤터"
	},
	"ZW": {
		"name": "짐바브웨"
	},
	"TD": {
		"name": "차드"
	},
	"CZ": {
		"name": "체코"
	},
	"CL": {
		"name": "칠레"
	},
	"IC": {
		"name": "카나리아 제도"
	},
	"CM": {
		"name": "카메룬"
	},
	"CV": {
		"name": "카보베르데"
	},
	"KZ": {
		"name": "카자흐스탄"
	},
	"QA": {
		"name": "카타르"
	},
	"KH": {
		"name": "캄보디아"
	},
	"CA": {
		"name": "캐나다"
	},
	"KE": {
		"name": "케냐"
	},
	"KY": {
		"name": "케이맨 제도"
	},
	"KM": {
		"name": "코모로"
	},
	"XK": {
		"name": "코소보"
	},
	"CR": {
		"name": "코스타리카"
	},
	"CC": {
		"name": "코코스 제도"
	},
	"CI": {
		"name": "코트디부아르"
	},
	"CO": {
		"name": "콜롬비아"
	},
	"CG": {
		"name": "콩고"
	},
	"CD": {
		"name": "콩고-킨샤사"
	},
	"CU": {
		"name": "쿠바"
	},
	"KW": {
		"name": "쿠웨이트"
	},
	"CK": {
		"name": "쿡 제도"
	},
	"CW": {
		"name": "퀴라소"
	},
	"HR": {
		"name": "크로아티아"
	},
	"CX": {
		"name": "크리스마스섬"
	},
	"KG": {
		"name": "키르기스스탄"
	},
	"KI": {
		"name": "키리바시"
	},
	"CY": {
		"name": "키프로스"
	},
	"TJ": {
		"name": "타지키스탄"
	},
	"TZ": {
		"name": "탄자니아"
	},
	"TH": {
		"name": "태국"
	},
	"TC": {
		"name": "터크스 케이커스 제도"
	},
	"TR": {
		"name": "터키"
	},
	"TG": {
		"name": "토고"
	},
	"TK": {
		"name": "토켈라우"
	},
	"TO": {
		"name": "통가"
	},
	"TM": {
		"name": "투르크메니스탄"
	},
	"TV": {
		"name": "투발루"
	},
	"TN": {
		"name": "튀니지"
	},
	"TT": {
		"name": "트리니다드 토바고"
	},
	"TA": {
		"name": "트리스탄다쿠나"
	},
	"PA": {
		"name": "파나마"
	},
	"PY": {
		"name": "파라과이"
	},
	"PK": {
		"name": "파키스탄"
	},
	"PG": {
		"name": "파푸아뉴기니"
	},
	"PW": {
		"name": "팔라우"
	},
	"PS": {
		"name": "팔레스타인 지구"
	},
	"FO": {
		"name": "페로 제도"
	},
	"PE": {
		"name": "페루"
	},
	"PT": {
		"name": "포르투갈"
	},
	"FK": {
		"name": "포클랜드 제도"
	},
	"PL": {
		"name": "폴란드"
	},
	"PR": {
		"name": "푸에르토리코"
	},
	"FR": {
		"name": "프랑스"
	},
	"TF": {
		"name": "프랑스 남부 지방"
	},
	"GF": {
		"name": "프랑스령 기아나"
	},
	"PF": {
		"name": "프랑스령 폴리네시아"
	},
	"FJ": {
		"name": "피지"
	},
	"FI": {
		"name": "핀란드"
	},
	"PH": {
		"name": "필리핀"
	},
	"PN": {
		"name": "핏케언 섬"
	},
	"HU": {
		"name": "헝가리"
	},
	"HK": {
		"name": "홍콩(중국 특별행정구)"
	}
}