{
	"AF": {
		"name": "Afghanistan"
	},
	"AX": {
		"name": "Åland"
	},
	"AL": {
		"name": "Albanië"
	},
	"DZ": {
		"name": "Algerije"
	},
	"AS": {
		"name": "Amerikaans-Samoa"
	},
	"VI": {
		"name": "Amerikaanse Maagdeneilanden"
	},
	"AD": {
		"name": "Andorra"
	},
	"AO": {
		"name": "Angola"
	},
	"AI": {
		"name": "Anguilla"
	},
	"AQ": {
		"name": "Antarctica"
	},
	"AG": {
		"name": "Antigua en Barbuda"
	},
	"AR": {
		"name": "Argentinië"
	},
	"AM": {
		"name": "Armenië"
	},
	"AW": {
		"name": "Aruba"
	},
	"AC": {
		"name": "Ascension"
	},
	"AU": {
		"name": "Australië"
	},
	"AZ": {
		"name": "Azerbeidzjan"
	},
	"BS": {
		"name": "Bahama’s"
	},
	"BH": {
		"name": "Bahrein"
	},
	"BD": {
		"name": "Bangladesh"
	},
	"BB": {
		"name": "Barbados"
	},
	"BY": {
		"name": "Belarus"
	},
	"BE": {
		"name": "België"
	},
	"BZ": {
		"name": "Belize"
	},
	"BJ": {
		"name": "Benin"
	},
	"BM": {
		"name": "Bermuda"
	},
	"BT": {
		"name": "Bhutan"
	},
	"BO": {
		"name": "Bolivia"
	},
	"BA": {
		"name": "Bosnië en Herzegovina"
	},
	"BW": {
		"name": "Botswana"
	},
	"BR": {
		"name": "Brazilië"
	},
	"IO": {
		"name": "Britse Gebieden in de Indische Oceaan"
	},
	"VG": {
		"name": "Britse Maagdeneilanden"
	},
	"BN": {
		"name": "Brunei"
	},
	"BG": {
		"name": "Bulgarije"
	},
	"BF": {
		"name": "Burkina Faso"
	},
	"BI": {
		"name": "Burundi"
	},
	"KH": {
		"name": "Cambodja"
	},
	"CA": {
		"name": "Canada"
	},
	"IC": {
		"name": "Canarische Eilanden"
	},
	"BQ": {
		"name": "Caribisch Nederland"
	},
	"CF": {
		"name": "Centraal-Afrikaanse Republiek"
	},
	"EA": {
		"name": "Ceuta en Melilla"
	},
	"CL": {
		"name": "Chili"
	},
	"CN": {
		"name": "China"
	},
	"CX": {
		"name": "Christmaseiland"
	},
	"CC": {
		"name": "Cocoseilanden"
	},
	"CO": {
		"name": "Colombia"
	},
	"KM": {
		"name": "Comoren"
	},
	"CG": {
		"name": "Congo-Brazzaville"
	},
	"CD": {
		"name": "Congo-Kinshasa"
	},
	"CK": {
		"name": "Cookeilanden"
	},
	"CR": {
		"name": "Costa Rica"
	},
	"CU": {
		"name": "Cuba"
	},
	"CW": {
		"name": "Curaçao"
	},
	"CY": {
		"name": "Cyprus"
	},
	"DK": {
		"name": "Denemarken"
	},
	"DG": {
		"name": "Diego Garcia"
	},
	"DJ": {
		"name": "Djibouti"
	},
	"DM": {
		"name": "Dominica"
	},
	"DO": {
		"name": "Dominicaanse Republiek"
	},
	"DE": {
		"name": "Duitsland"
	},
	"EC": {
		"name": "Ecuador"
	},
	"EG": {
		"name": "Egypte"
	},
	"SV": {
		"name": "El Salvador"
	},
	"GQ": {
		"name": "Equatoriaal-Guinea"
	},
	"ER": {
		"name": "Eritrea"
	},
	"EE": {
		"name": "Estland"
	},
	"ET": {
		"name": "Ethiopië"
	},
	"FO": {
		"name": "Faeröer"
	},
	"FK": {
		"name": "Falklandeilanden"
	},
	"FJ": {
		"name": "Fiji"
	},
	"PH": {
		"name": "Filipijnen"
	},
	"FI": {
		"name": "Finland"
	},
	"FR": {
		"name": "Frankrijk"
	},
	"GF": {
		"name": "Frans-Guyana"
	},
	"PF": {
		"name": "Frans-Polynesië"
	},
	"TF": {
		"name": "Franse Gebieden in de zuidelijke Indische Oceaan"
	},
	"GA": {
		"name": "Gabon"
	},
	"GM": {
		"name": "Gambia"
	},
	"GE": {
		"name": "Georgië"
	},
	"GH": {
		"name": "Ghana"
	},
	"GI": {
		"name": "Gibraltar"
	},
	"GD": {
		"name": "Grenada"
	},
	"GR": {
		"name": "Griekenland"
	},
	"GL": {
		"name": "Groenland"
	},
	"GP": {
		"name": "Guadeloupe"
	},
	"GU": {
		"name": "Guam"
	},
	"GT": {
		"name": "Guatemala"
	},
	"GG": {
		"name": "Guernsey"
	},
	"GN": {
		"name": "Guinee"
	},
	"GW": {
		"name": "Guinee-Bissau"
	},
	"GY": {
		"name": "Guyana"
	},
	"HT": {
		"name": "Haïti"
	},
	"HN": {
		"name": "Honduras"
	},
	"HU": {
		"name": "Hongarije"
	},
	"HK": {
		"name": "Hongkong SAR van China"
	},
	"IE": {
		"name": "Ierland"
	},
	"IS": {
		"name": "IJsland"
	},
	"IN": {
		"name": "India"
	},
	"ID": {
		"name": "Indonesië"
	},
	"IQ": {
		"name": "Irak"
	},
	"IR": {
		"name": "Iran"
	},
	"IM": {
		"name": "Isle of Man"
	},
	"IL": {
		"name": "Israël"
	},
	"IT": {
		"name": "Italië"
	},
	"CI": {
		"name": "Ivoorkust"
	},
	"JM": {
		"name": "Jamaica"
	},
	"JP": {
		"name": "Japan"
	},
	"YE": {
		"name": "Jemen"
	},
	"JE": {
		"name": "Jersey"
	},
	"JO": {
		"name": "Jordanië"
	},
	"KY": {
		"name": "Kaaimaneilanden"
	},
	"CV": {
		"name": "Kaapverdië"
	},
	"CM": {
		"name": "Kameroen"
	},
	"KZ": {
		"name": "Kazachstan"
	},
	"KE": {
		"name": "Kenia"
	},
	"KG": {
		"name": "Kirgizië"
	},
	"KI": {
		"name": "Kiribati"
	},
	"UM": {
		"name": "Kleine afgelegen eilanden van de Verenigde Staten"
	},
	"KW": {
		"name": "Koeweit"
	},
	"XK": {
		"name": "Kosovo"
	},
	"HR": {
		"name": "Kroatië"
	},
	"LA": {
		"name": "Laos"
	},
	"LS": {
		"name": "Lesotho"
	},
	"LV": {
		"name": "Letland"
	},
	"LB": {
		"name": "Libanon"
	},
	"LR": {
		"name": "Liberia"
	},
	"LY": {
		"name": "Libië"
	},
	"LI": {
		"name": "Liechtenstein"
	},
	"LT": {
		"name": "Litouwen"
	},
	"LU": {
		"name": "Luxemburg"
	},
	"MO": {
		"name": "Macau SAR van China"
	},
	"MK": {
		"name": "Macedonië"
	},
	"MG": {
		"name": "Madagaskar"
	},
	"MW": {
		"name": "Malawi"
	},
	"MV": {
		"name": "Maldiven"
	},
	"MY": {
		"name": "Maleisië"
	},
	"ML": {
		"name": "Mali"
	},
	"MT": {
		"name": "Malta"
	},
	"MA": {
		"name": "Marokko"
	},
	"MH": {
		"name": "Marshalleilanden"
	},
	"MQ": {
		"name": "Martinique"
	},
	"MR": {
		"name": "Mauritanië"
	},
	"MU": {
		"name": "Mauritius"
	},
	"YT": {
		"name": "Mayotte"
	},
	"MX": {
		"name": "Mexico"
	},
	"FM": {
		"name": "Micronesia"
	},
	"MD": {
		"name": "Moldavië"
	},
	"MC": {
		"name": "Monaco"
	},
	"MN": {
		"name": "Mongolië"
	},
	"ME": {
		"name": "Montenegro"
	},
	"MS": {
		"name": "Montserrat"
	},
	"MZ": {
		"name": "Mozambique"
	},
	"MM": {
		"name": "Myanmar (Birma)"
	},
	"NA": {
		"name": "Namibië"
	},
	"NR": {
		"name": "Nauru"
	},
	"NL": {
		"name": "Nederland"
	},
	"NP": {
		"name": "Nepal"
	},
	"NI": {
		"name": "Nicaragua"
	},
	"NC": {
		"name": "Nieuw-Caledonië"
	},
	"NZ": {
		"name": "Nieuw-Zeeland"
	},
	"NE": {
		"name": "Niger"
	},
	"NG": {
		"name": "Nigeria"
	},
	"NU": {
		"name": "Niue"
	},
	"KP": {
		"name": "Noord-Korea"
	},
	"MP": {
		"name": "Noordelijke Marianen"
	},
	"NO": {
		"name": "Noorwegen"
	},
	"NF": {
		"name": "Norfolk"
	},
	"UG": {
		"name": "Oeganda"
	},
	"UA": {
		"name": "Oekraïne"
	},
	"UZ": {
		"name": "Oezbekistan"
	},
	"OM": {
		"name": "Oman"
	},
	"TL": {
		"name": "Oost-Timor"
	},
	"AT": {
		"name": "Oostenrijk"
	},
	"PK": {
		"name": "Pakistan"
	},
	"PW": {
		"name": "Palau"
	},
	"PS": {
		"name": "Palestijnse gebieden"
	},
	"PA": {
		"name": "Panama"
	},
	"PG": {
		"name": "Papoea-Nieuw-Guinea"
	},
	"PY": {
		"name": "Paraguay"
	},
	"PE": {
		"name": "Peru"
	},
	"PN": {
		"name": "Pitcairneilanden"
	},
	"PL": {
		"name": "Polen"
	},
	"PT": {
		"name": "Portugal"
	},
	"PR": {
		"name": "Puerto Rico"
	},
	"QA": {
		"name": "Qatar"
	},
	"RE": {
		"name": "Réunion"
	},
	"RO": {
		"name": "Roemenië"
	},
	"RU": {
		"name": "Rusland"
	},
	"RW": {
		"name": "Rwanda"
	},
	"KN": {
		"name": "Saint Kitts en Nevis"
	},
	"LC": {
		"name": "Saint Lucia"
	},
	"VC": {
		"name": "Saint Vincent en de Grenadines"
	},
	"BL": {
		"name": "Saint-Barthélemy"
	},
	"MF": {
		"name": "Saint-Martin"
	},
	"PM": {
		"name": "Saint-Pierre en Miquelon"
	},
	"SB": {
		"name": "Salomonseilanden"
	},
	"WS": {
		"name": "Samoa"
	},
	"SM": {
		"name": "San Marino"
	},
	"ST": {
		"name": "Sao Tomé en Principe"
	},
	"SA": {
		"name": "Saoedi-Arabië"
	},
	"SN": {
		"name": "Senegal"
	},
	"RS": {
		"name": "Servië"
	},
	"SC": {
		"name": "Seychellen"
	},
	"SL": {
		"name": "Sierra Leone"
	},
	"SG": {
		"name": "Singapore"
	},
	"SH": {
		"name": "Sint-Helena"
	},
	"SX": {
		"name": "Sint-Maarten"
	},
	"SI": {
		"name": "Slovenië"
	},
	"SK": {
		"name": "Slowakije"
	},
	"SD": {
		"name": "Soedan"
	},
	"SO": {
		"name": "Somalië"
	},
	"ES": {
		"name": "Spanje"
	},
	"SJ": {
		"name": "Spitsbergen en Jan Mayen"
	},
	"LK": {
		"name": "Sri Lanka"
	},
	"SR": {
		"name": "Suriname"
	},
	"SZ": {
		"name": "Swaziland"
	},
	"SY": {
		"name": "Syrië"
	},
	"TJ": {
		"name": "Tadzjikistan"
	},
	"TW": {
		"name": "Taiwan"
	},
	"TZ": {
		"name": "Tanzania"
	},
	"TH": {
		"name": "Thailand"
	},
	"TG": {
		"name": "Togo"
	},
	"TK": {
		"name": "Tokelau"
	},
	"TO": {
		"name": "Tonga"
	},
	"TT": {
		"name": "Trinidad en Tobago"
	},
	"TA": {
		"name": "Tristan da Cunha"
	},
	"TD": {
		"name": "Tsjaad"
	},
	"CZ": {
		"name": "Tsjechië"
	},
	"TN": {
		"name": "Tunesië"
	},
	"TR": {
		"name": "Turkije"
	},
	"TM": {
		"name": "Turkmenistan"
	},
	"TC": {
		"name": "Turks- en Caicoseilanden"
	},
	"TV": {
		"name": "Tuvalu"
	},
	"UY": {
		"name": "Uruguay"
	},
	"VU": {
		"name": "Vanuatu"
	},
	"VA": {
		"name": "Vaticaanstad"
	},
	"VE": {
		"name": "Venezuela"
	},
	"GB": {
		"name": "Verenigd Koninkrijk"
	},
	"AE": {
		"name": "Verenigde Arabische Emiraten"
	},
	"US": {
		"name": "Verenigde Staten"
	},
	"VN": {
		"name": "Vietnam"
	},
	"WF": {
		"name": "Wallis en Futuna"
	},
	"EH": {
		"name": "Westelijke Sahara"
	},
	"ZM": {
		"name": "Zambia"
	},
	"ZW": {
		"name": "Zimbabwe"
	},
	"ZA": {
		"name": "Zuid-Afrika"
	},
	"GS": {
		"name": "Zuid-Georgia en Zuidelijke Sandwicheilanden"
	},
	"KR": {
		"name": "Zuid-Korea"
	},
	"SS": {
		"name": "Zuid-Soedan"
	},
	"SE": {
		"name": "Zweden"
	},
	"CH": {
		"name": "Zwitserland"
	}
}