{
	"AF": {
		"name": "Afghanistan"
	},
	"ZA": {
		"name": "Africa dal Sid"
	},
	"AL": {
		"name": "Albania"
	},
	"DZ": {
		"name": "Algeria"
	},
	"AD": {
		"name": "Andorra"
	},
	"AO": {
		"name": "Angola"
	},
	"AI": {
		"name": "Anguilla"
	},
	"AQ": {
		"name": "Antarctica"
	},
	"AG": {
		"name": "Antigua e Barbuda"
	},
	"SA": {
		"name": "Arabia Saudita"
	},
	"AR": {
		"name": "Argentinia"
	},
	"AM": {
		"name": "Armenia"
	},
	"AW": {
		"name": "Aruba"
	},
	"AC": {
		"name": "Ascension Island"
	},
	"AZ": {
		"name": "Aserbaidschan"
	},
	"AU": {
		"name": "Australia"
	},
	"AT": {
		"name": "Austria"
	},
	"BS": {
		"name": "Bahamas"
	},
	"BH": {
		"name": "Bahrain"
	},
	"BD": {
		"name": "Bangladesch"
	},
	"BB": {
		"name": "Barbados"
	},
	"BE": {
		"name": "Belgia"
	},
	"BZ": {
		"name": "Belize"
	},
	"BJ": {
		"name": "Benin"
	},
	"BM": {
		"name": "Bermudas"
	},
	"BT": {
		"name": "Bhutan"
	},
	"BY": {
		"name": "Bielorussia"
	},
	"BO": {
		"name": "Bolivia"
	},
	"BA": {
		"name": "Bosnia ed Erzegovina"
	},
	"BW": {
		"name": "Botswana"
	},
	"BR": {
		"name": "Brasila"
	},
	"BN": {
		"name": "Brunei"
	},
	"BG": {
		"name": "Bulgaria"
	},
	"BF": {
		"name": "Burkina Faso"
	},
	"BI": {
		"name": "Burundi"
	},
	"KH": {
		"name": "Cambodscha"
	},
	"CM": {
		"name": "Camerun"
	},
	"CA": {
		"name": "Canada"
	},
	"IC": {
		"name": "Canary Islands"
	},
	"CV": {
		"name": "Cap Verd"
	},
	"BQ": {
		"name": "Caribbean Netherlands"
	},
	"EA": {
		"name": "Ceuta & Melilla"
	},
	"CL": {
		"name": "Chile"
	},
	"CN": {
		"name": "China"
	},
	"CY": {
		"name": "Cipra"
	},
	"VA": {
		"name": "Citad dal Vatican"
	},
	"CO": {
		"name": "Columbia"
	},
	"KM": {
		"name": "Comoras"
	},
	"CG": {
		"name": "Congo"
	},
	"KP": {
		"name": "Corea dal Nord"
	},
	"KR": {
		"name": "Corea dal Sid"
	},
	"CI": {
		"name": "Costa d’Ivur"
	},
	"CR": {
		"name": "Costa Rica"
	},
	"HR": {
		"name": "Croazia"
	},
	"CU": {
		"name": "Cuba"
	},
	"CW": {
		"name": "Curaçao"
	},
	"DK": {
		"name": "Danemarc"
	},
	"DG": {
		"name": "Diego Garcia"
	},
	"DM": {
		"name": "Dominica"
	},
	"DJ": {
		"name": "Dschibuti"
	},
	"EC": {
		"name": "Ecuador"
	},
	"EG": {
		"name": "Egipta"
	},
	"SV": {
		"name": "El Salvador"
	},
	"AE": {
		"name": "Emirats Arabs Unids"
	},
	"ER": {
		"name": "Eritrea"
	},
	"EE": {
		"name": "Estonia"
	},
	"ET": {
		"name": "Etiopia"
	},
	"FJ": {
		"name": "Fidschi"
	},
	"PH": {
		"name": "Filippinas"
	},
	"FI": {
		"name": "Finlanda"
	},
	"FR": {
		"name": "Frantscha"
	},
	"GA": {
		"name": "Gabun"
	},
	"GM": {
		"name": "Gambia"
	},
	"GE": {
		"name": "Georgia"
	},
	"GS": {
		"name": "Georgia dal Sid e las Inslas Sandwich dal Sid"
	},
	"DE": {
		"name": "Germania"
	},
	"GH": {
		"name": "Ghana"
	},
	"JM": {
		"name": "Giamaica"
	},
	"JP": {
		"name": "Giapun"
	},
	"GI": {
		"name": "Gibraltar"
	},
	"GD": {
		"name": "Grenada"
	},
	"GR": {
		"name": "Grezia"
	},
	"GL": {
		"name": "Grönlanda"
	},
	"GP": {
		"name": "Guadeloupe"
	},
	"GU": {
		"name": "Guam"
	},
	"GT": {
		"name": "Guatemala"
	},
	"GG": {
		"name": "Guernsey"
	},
	"GN": {
		"name": "Guinea"
	},
	"GQ": {
		"name": "Guinea Equatoriala"
	},
	"GW": {
		"name": "Guinea-Bissau"
	},
	"GY": {
		"name": "Guyana"
	},
	"GF": {
		"name": "Guyana Franzosa"
	},
	"HT": {
		"name": "Haiti"
	},
	"HN": {
		"name": "Honduras"
	},
	"IN": {
		"name": "India"
	},
	"ID": {
		"name": "Indonesia"
	},
	"CX": {
		"name": "Insla da Christmas"
	},
	"IM": {
		"name": "Insla da Man"
	},
	"NF": {
		"name": "Insla Norfolk"
	},
	"AX": {
		"name": "Inslas Aland"
	},
	"KY": {
		"name": "Inslas Cayman"
	},
	"CC": {
		"name": "Inslas Cocos"
	},
	"CK": {
		"name": "Inslas Cook"
	},
	"MH": {
		"name": "Inslas da Marshall"
	},
	"FK": {
		"name": "Inslas dal Falkland"
	},
	"FO": {
		"name": "Inslas Feroe"
	},
	"MP": {
		"name": "Inslas Mariannas dal Nord"
	},
	"UM": {
		"name": "Inslas pitschnas perifericas dals Stadis Unids da l’America"
	},
	"TC": {
		"name": "Inslas Turks e Caicos"
	},
	"VI": {
		"name": "Inslas Verginas Americanas"
	},
	"VG": {
		"name": "Inslas Verginas Britannicas"
	},
	"IQ": {
		"name": "Irac"
	},
	"IR": {
		"name": "Iran"
	},
	"IE": {
		"name": "Irlanda"
	},
	"IS": {
		"name": "Islanda"
	},
	"IL": {
		"name": "Israel"
	},
	"IT": {
		"name": "Italia"
	},
	"YE": {
		"name": "Jemen"
	},
	"JE": {
		"name": "Jersey"
	},
	"JO": {
		"name": "Jordania"
	},
	"KZ": {
		"name": "Kasachstan"
	},
	"QA": {
		"name": "Katar"
	},
	"KE": {
		"name": "Kenia"
	},
	"KG": {
		"name": "Kirghisistan"
	},
	"KI": {
		"name": "Kiribati"
	},
	"XK": {
		"name": "Kosovo"
	},
	"KW": {
		"name": "Kuwait"
	},
	"LA": {
		"name": "Laos"
	},
	"LS": {
		"name": "Lesotho"
	},
	"LV": {
		"name": "Lettonia"
	},
	"LB": {
		"name": "Libanon"
	},
	"LR": {
		"name": "Liberia"
	},
	"LY": {
		"name": "Libia"
	},
	"LI": {
		"name": "Liechtenstein"
	},
	"LT": {
		"name": "Lituania"
	},
	"LU": {
		"name": "Luxemburg"
	},
	"MK": {
		"name": "Macedonia"
	},
	"MG": {
		"name": "Madagascar"
	},
	"MY": {
		"name": "Malaisia"
	},
	"MW": {
		"name": "Malawi"
	},
	"MV": {
		"name": "Maldivas"
	},
	"ML": {
		"name": "Mali"
	},
	"MT": {
		"name": "Malta"
	},
	"MA": {
		"name": "Maroc"
	},
	"MQ": {
		"name": "Martinique"
	},
	"MR": {
		"name": "Mauretania"
	},
	"MU": {
		"name": "Mauritius"
	},
	"YT": {
		"name": "Mayotte"
	},
	"MX": {
		"name": "Mexico"
	},
	"FM": {
		"name": "Micronesia"
	},
	"MD": {
		"name": "Moldavia"
	},
	"MC": {
		"name": "Monaco"
	},
	"MN": {
		"name": "Mongolia"
	},
	"ME": {
		"name": "Montenegro"
	},
	"MS": {
		"name": "Montserrat"
	},
	"MZ": {
		"name": "Mosambic"
	},
	"MM": {
		"name": "Myanmar"
	},
	"NA": {
		"name": "Namibia"
	},
	"NR": {
		"name": "Nauru"
	},
	"NP": {
		"name": "Nepal"
	},
	"NI": {
		"name": "Nicaragua"
	},
	"NE": {
		"name": "Niger"
	},
	"NG": {
		"name": "Nigeria"
	},
	"NU": {
		"name": "Niue"
	},
	"NO": {
		"name": "Norvegia"
	},
	"NC": {
		"name": "Nova Caledonia"
	},
	"NZ": {
		"name": "Nova Zelanda"
	},
	"OM": {
		"name": "Oman"
	},
	"NL": {
		"name": "Pajais Bass"
	},
	"PK": {
		"name": "Pakistan"
	},
	"PW": {
		"name": "Palau"
	},
	"PA": {
		"name": "Panama"
	},
	"PG": {
		"name": "Papua Nova Guinea"
	},
	"PY": {
		"name": "Paraguai"
	},
	"PE": {
		"name": "Peru"
	},
	"PN": {
		"name": "Pitcairn"
	},
	"PF": {
		"name": "Polinesia Franzosa"
	},
	"PL": {
		"name": "Pologna"
	},
	"PT": {
		"name": "Portugal"
	},
	"PR": {
		"name": "Puerto Rico"
	},
	"GB": {
		"name": "Reginavel Unì"
	},
	"HK": {
		"name": "Regiun d’administraziun speziala da Hongkong, China"
	},
	"MO": {
		"name": "Regiun d’administraziun speziala Macao, China"
	},
	"CF": {
		"name": "Republica Centralafricana"
	},
	"CD": {
		"name": "Republica Democratica dal Congo"
	},
	"DO": {
		"name": "Republica Dominicana"
	},
	"CZ": {
		"name": "Republica Tscheca"
	},
	"RE": {
		"name": "Réunion"
	},
	"RW": {
		"name": "Ruanda"
	},
	"RO": {
		"name": "Rumenia"
	},
	"RU": {
		"name": "Russia"
	},
	"EH": {
		"name": "Sahara Occidentala"
	},
	"KN": {
		"name": "Saint Kitts e Nevis"
	},
	"LC": {
		"name": "Saint Lucia"
	},
	"MF": {
		"name": "Saint Martin"
	},
	"PM": {
		"name": "Saint Pierre e Miquelon"
	},
	"VC": {
		"name": "Saint Vincent e las Grenadinas"
	},
	"SB": {
		"name": "Salomonas"
	},
	"ZM": {
		"name": "Sambia"
	},
	"WS": {
		"name": "Samoa"
	},
	"AS": {
		"name": "Samoa Americana"
	},
	"SM": {
		"name": "San Marino"
	},
	"ST": {
		"name": "São Tomé e Principe"
	},
	"SN": {
		"name": "Senegal"
	},
	"RS": {
		"name": "Serbia"
	},
	"SC": {
		"name": "Seychellas"
	},
	"SL": {
		"name": "Sierra Leone"
	},
	"ZW": {
		"name": "Simbabwe"
	},
	"SG": {
		"name": "Singapur"
	},
	"SX": {
		"name": "Sint Maarten"
	},
	"SY": {
		"name": "Siria"
	},
	"SK": {
		"name": "Slovachia"
	},
	"SI": {
		"name": "Slovenia"
	},
	"SO": {
		"name": "Somalia"
	},
	"BL": {
		"name": "Son Barthélemy"
	},
	"SH": {
		"name": "Sontg’Elena"
	},
	"SS": {
		"name": "South Sudan"
	},
	"ES": {
		"name": "Spagna"
	},
	"LK": {
		"name": "Sri Lanka"
	},
	"US": {
		"name": "Stadis Unids da l’America"
	},
	"SD": {
		"name": "Sudan"
	},
	"SR": {
		"name": "Surinam"
	},
	"SJ": {
		"name": "Svalbard e Jan Mayen"
	},
	"SE": {
		"name": "Svezia"
	},
	"CH": {
		"name": "Svizra"
	},
	"SZ": {
		"name": "Swaziland"
	},
	"TJ": {
		"name": "Tadschikistan"
	},
	"TH": {
		"name": "Tailanda"
	},
	"TW": {
		"name": "Taiwan"
	},
	"TZ": {
		"name": "Tansania"
	},
	"IO": {
		"name": "Territori Britannic en l’Ocean Indic"
	},
	"PS": {
		"name": "Territori Palestinais"
	},
	"TF": {
		"name": "Territoris Franzos Meridiunals"
	},
	"TL": {
		"name": "Timor da l’Ost"
	},
	"TR": {
		"name": "Tirchia"
	},
	"TG": {
		"name": "Togo"
	},
	"TK": {
		"name": "Tokelau"
	},
	"TO": {
		"name": "Tonga"
	},
	"TT": {
		"name": "Trinidad e Tobago"
	},
	"TA": {
		"name": "Tristan da Cunha"
	},
	"TD": {
		"name": "Tschad"
	},
	"TN": {
		"name": "Tunesia"
	},
	"TM": {
		"name": "Turkmenistan"
	},
	"TV": {
		"name": "Tuvalu"
	},
	"UA": {
		"name": "Ucraina"
	},
	"UG": {
		"name": "Uganda"
	},
	"HU": {
		"name": "Ungaria"
	},
	"UY": {
		"name": "Uruguay"
	},
	"UZ": {
		"name": "Usbekistan"
	},
	"VU": {
		"name": "Vanuatu"
	},
	"VE": {
		"name": "Venezuela"
	},
	"VN": {
		"name": "Vietnam"
	},
	"WF": {
		"name": "Wallis e Futuna"
	}
}