{
	"AU": {
		"name": "Австралия"
	},
	"AT": {
		"name": "Австрия"
	},
	"AZ": {
		"name": "Азербайджан"
	},
	"AX": {
		"name": "Аландские о-ва"
	},
	"AL": {
		"name": "Албания"
	},
	"DZ": {
		"name": "Алжир"
	},
	"AS": {
		"name": "Американское Самоа"
	},
	"AI": {
		"name": "Ангилья"
	},
	"AO": {
		"name": "Ангола"
	},
	"AD": {
		"name": "Андорра"
	},
	"AQ": {
		"name": "Антарктида"
	},
	"AG": {
		"name": "Антигуа и Барбуда"
	},
	"AR": {
		"name": "Аргентина"
	},
	"AM": {
		"name": "Армения"
	},
	"AW": {
		"name": "Аруба"
	},
	"AF": {
		"name": "Афганистан"
	},
	"BS": {
		"name": "Багамы"
	},
	"BD": {
		"name": "Бангладеш"
	},
	"BB": {
		"name": "Барбадос"
	},
	"BH": {
		"name": "Бахрейн"
	},
	"BY": {
		"name": "Беларусь"
	},
	"BZ": {
		"name": "Белиз"
	},
	"BE": {
		"name": "Бельгия"
	},
	"BJ": {
		"name": "Бенин"
	},
	"BM": {
		"name": "Бермуды"
	},
	"BG": {
		"name": "Болгария"
	},
	"BO": {
		"name": "Боливия"
	},
	"BQ": {
		"name": "Бонэйр, Синт-Эстатиус и Саба"
	},
	"BA": {
		"name": "Босния и Герцеговина"
	},
	"BW": {
		"name": "Ботсвана"
	},
	"BR": {
		"name": "Бразилия"
	},
	"IO": {
		"name": "Британская территория в Индийском океане"
	},
	"BN": {
		"name": "Бруней-Даруссалам"
	},
	"BF": {
		"name": "Буркина-Фасо"
	},
	"BI": {
		"name": "Бурунди"
	},
	"BT": {
		"name": "Бутан"
	},
	"VU": {
		"name": "Вануату"
	},
	"VA": {
		"name": "Ватикан"
	},
	"GB": {
		"name": "Великобритания"
	},
	"HU": {
		"name": "Венгрия"
	},
	"VE": {
		"name": "Венесуэла"
	},
	"VG": {
		"name": "Виргинские о-ва (Британские)"
	},
	"VI": {
		"name": "Виргинские о-ва (США)"
	},
	"VN": {
		"name": "Вьетнам"
	},
	"GA": {
		"name": "Габон"
	},
	"HT": {
		"name": "Гаити"
	},
	"GY": {
		"name": "Гайана"
	},
	"GM": {
		"name": "Гамбия"
	},
	"GH": {
		"name": "Гана"
	},
	"GP": {
		"name": "Гваделупа"
	},
	"GT": {
		"name": "Гватемала"
	},
	"GN": {
		"name": "Гвинея"
	},
	"GW": {
		"name": "Гвинея-Бисау"
	},
	"DE": {
		"name": "Германия"
	},
	"GG": {
		"name": "Гернси"
	},
	"GI": {
		"name": "Гибралтар"
	},
	"HN": {
		"name": "Гондурас"
	},
	"HK": {
		"name": "Гонконг (специальный административный район)"
	},
	"GD": {
		"name": "Гренада"
	},
	"GL": {
		"name": "Гренландия"
	},
	"GR": {
		"name": "Греция"
	},
	"GE": {
		"name": "Грузия"
	},
	"GU": {
		"name": "Гуам"
	},
	"DK": {
		"name": "Дания"
	},
	"JE": {
		"name": "Джерси"
	},
	"DJ": {
		"name": "Джибути"
	},
	"DG": {
		"name": "Диего-Гарсия"
	},
	"DM": {
		"name": "Доминика"
	},
	"DO": {
		"name": "Доминиканская Республика"
	},
	"EG": {
		"name": "Египет"
	},
	"ZM": {
		"name": "Замбия"
	},
	"EH": {
		"name": "Западная Сахара"
	},
	"ZW": {
		"name": "Зимбабве"
	},
	"IL": {
		"name": "Израиль"
	},
	"IN": {
		"name": "Индия"
	},
	"ID": {
		"name": "Индонезия"
	},
	"JO": {
		"name": "Иордания"
	},
	"IQ": {
		"name": "Ирак"
	},
	"IR": {
		"name": "Иран"
	},
	"IE": {
		"name": "Ирландия"
	},
	"IS": {
		"name": "Исландия"
	},
	"ES": {
		"name": "Испания"
	},
	"IT": {
		"name": "Италия"
	},
	"YE": {
		"name": "Йемен"
	},
	"CV": {
		"name": "Кабо-Верде"
	},
	"KZ": {
		"name": "Казахстан"
	},
	"KY": {
		"name": "Каймановы о-ва"
	},
	"KH": {
		"name": "Камбоджа"
	},
	"CM": {
		"name": "Камерун"
	},
	"CA": {
		"name": "Канада"
	},
	"IC": {
		"name": "Канарские о-ва"
	},
	"QA": {
		"name": "Катар"
	},
	"KE": {
		"name": "Кения"
	},
	"CY": {
		"name": "Кипр"
	},
	"KG": {
		"name": "Киргизия"
	},
	"KI": {
		"name": "Кирибати"
	},
	"CN": {
		"name": "Китай"
	},
	"KP": {
		"name": "КНДР"
	},
	"CC": {
		"name": "Кокосовые о-ва"
	},
	"CO": {
		"name": "Колумбия"
	},
	"KM": {
		"name": "Коморы"
	},
	"CG": {
		"name": "Конго - Браззавиль"
	},
	"CD": {
		"name": "Конго - Киншаса"
	},
	"XK": {
		"name": "Косово"
	},
	"CR": {
		"name": "Коста-Рика"
	},
	"CI": {
		"name": "Кот-д’Ивуар"
	},
	"CU": {
		"name": "Куба"
	},
	"KW": {
		"name": "Кувейт"
	},
	"CW": {
		"name": "Кюрасао"
	},
	"LA": {
		"name": "Лаос"
	},
	"LV": {
		"name": "Латвия"
	},
	"LS": {
		"name": "Лесото"
	},
	"LR": {
		"name": "Либерия"
	},
	"LB": {
		"name": "Ливан"
	},
	"LY": {
		"name": "Ливия"
	},
	"LT": {
		"name": "Литва"
	},
	"LI": {
		"name": "Лихтенштейн"
	},
	"LU": {
		"name": "Люксембург"
	},
	"MU": {
		"name": "Маврикий"
	},
	"MR": {
		"name": "Мавритания"
	},
	"MG": {
		"name": "Мадагаскар"
	},
	"YT": {
		"name": "Майотта"
	},
	"MO": {
		"name": "Макао (специальный административный район)"
	},
	"MK": {
		"name": "Македония"
	},
	"MW": {
		"name": "Малави"
	},
	"MY": {
		"name": "Малайзия"
	},
	"ML": {
		"name": "Мали"
	},
	"UM": {
		"name": "Малые Тихоокеанские Отдаленные Острова США"
	},
	"MV": {
		"name": "Мальдивы"
	},
	"MT": {
		"name": "Мальта"
	},
	"MA": {
		"name": "Марокко"
	},
	"MQ": {
		"name": "Мартиника"
	},
	"MH": {
		"name": "Маршалловы Острова"
	},
	"MX": {
		"name": "Мексика"
	},
	"MZ": {
		"name": "Мозамбик"
	},
	"MD": {
		"name": "Молдова"
	},
	"MC": {
		"name": "Монако"
	},
	"MN": {
		"name": "Монголия"
	},
	"MS": {
		"name": "Монтсеррат"
	},
	"MM": {
		"name": "Мьянма (Бирма)"
	},
	"NA": {
		"name": "Намибия"
	},
	"NR": {
		"name": "Науру"
	},
	"NP": {
		"name": "Непал"
	},
	"NE": {
		"name": "Нигер"
	},
	"NG": {
		"name": "Нигерия"
	},
	"NL": {
		"name": "Нидерланды"
	},
	"NI": {
		"name": "Никарагуа"
	},
	"NU": {
		"name": "Ниуэ"
	},
	"NZ": {
		"name": "Новая Зеландия"
	},
	"NC": {
		"name": "Новая Каледония"
	},
	"NO": {
		"name": "Норвегия"
	},
	"AC": {
		"name": "О-в Вознесения"
	},
	"IM": {
		"name": "о-в Мэн"
	},
	"NF": {
		"name": "О-в Норфолк"
	},
	"CX": {
		"name": "О-в Рождества"
	},
	"SH": {
		"name": "о-в Св. Елены"
	},
	"CK": {
		"name": "О-ва Кука"
	},
	"TC": {
		"name": "о-ва Тёркс и Кайкос"
	},
	"AE": {
		"name": "Объединенные Арабские Эмираты"
	},
	"OM": {
		"name": "Оман"
	},
	"PN": {
		"name": "острова Питкэрн"
	},
	"PK": {
		"name": "Пакистан"
	},
	"PW": {
		"name": "Палау"
	},
	"PS": {
		"name": "Палестинские территории"
	},
	"PA": {
		"name": "Панама"
	},
	"PG": {
		"name": "Папуа – Новая Гвинея"
	},
	"PY": {
		"name": "Парагвай"
	},
	"PE": {
		"name": "Перу"
	},
	"PL": {
		"name": "Польша"
	},
	"PT": {
		"name": "Португалия"
	},
	"PR": {
		"name": "Пуэрто-Рико"
	},
	"KR": {
		"name": "Республика Корея"
	},
	"RE": {
		"name": "Реюньон"
	},
	"RU": {
		"name": "Россия"
	},
	"RW": {
		"name": "Руанда"
	},
	"RO": {
		"name": "Румыния"
	},
	"SV": {
		"name": "Сальвадор"
	},
	"WS": {
		"name": "Самоа"
	},
	"SM": {
		"name": "Сан-Марино"
	},
	"ST": {
		"name": "Сан-Томе и Принсипи"
	},
	"SA": {
		"name": "Саудовская Аравия"
	},
	"SZ": {
		"name": "Свазиленд"
	},
	"MP": {
		"name": "Северные Марианские о-ва"
	},
	"SC": {
		"name": "Сейшельские Острова"
	},
	"BL": {
		"name": "Сен-Бартелеми"
	},
	"MF": {
		"name": "Сен-Мартен"
	},
	"PM": {
		"name": "Сен-Пьер и Микелон"
	},
	"SN": {
		"name": "Сенегал"
	},
	"VC": {
		"name": "Сент-Винсент и Гренадины"
	},
	"KN": {
		"name": "Сент-Китс и Невис"
	},
	"LC": {
		"name": "Сент-Люсия"
	},
	"RS": {
		"name": "Сербия"
	},
	"EA": {
		"name": "Сеута и Мелилья"
	},
	"SG": {
		"name": "Сингапур"
	},
	"SX": {
		"name": "Синт-Мартен"
	},
	"SY": {
		"name": "Сирия"
	},
	"SK": {
		"name": "Словакия"
	},
	"SI": {
		"name": "Словения"
	},
	"US": {
		"name": "Соединенные Штаты"
	},
	"SB": {
		"name": "Соломоновы Острова"
	},
	"SO": {
		"name": "Сомали"
	},
	"SD": {
		"name": "Судан"
	},
	"SR": {
		"name": "Суринам"
	},
	"SL": {
		"name": "Сьерра-Леоне"
	},
	"TJ": {
		"name": "Таджикистан"
	},
	"TH": {
		"name": "Таиланд"
	},
	"TW": {
		"name": "Тайвань"
	},
	"TZ": {
		"name": "Танзания"
	},
	"TL": {
		"name": "Тимор-Лесте"
	},
	"TG": {
		"name": "Того"
	},
	"TK": {
		"name": "Токелау"
	},
	"TO": {
		"name": "Тонга"
	},
	"TT": {
		"name": "Тринидад и Тобаго"
	},
	"TA": {
		"name": "Тристан-да-Кунья"
	},
	"TV": {
		"name": "Тувалу"
	},
	"TN": {
		"name": "Тунис"
	},
	"TM": {
		"name": "Туркменистан"
	},
	"TR": {
		"name": "Турция"
	},
	"UG": {
		"name": "Уганда"
	},
	"UZ": {
		"name": "Узбекистан"
	},
	"UA": {
		"name": "Украина"
	},
	"WF": {
		"name": "Уоллис и Футуна"
	},
	"UY": {
		"name": "Уругвай"
	},
	"FO": {
		"name": "Фарерские о-ва"
	},
	"FM": {
		"name": "Федеративные Штаты Микронезии"
	},
	"FJ": {
		"name": "Фиджи"
	},
	"PH": {
		"name": "Филиппины"
	},
	"FI": {
		"name": "Финляндия"
	},
	"FK": {
		"name": "Фолклендские о-ва"
	},
	"FR": {
		"name": "Франция"
	},
	"GF": {
		"name": "Французская Гвиана"
	},
	"PF": {
		"name": "Французская Полинезия"
	},
	"TF": {
		"name": "Французские Южные территории"
	},
	"HR": {
		"name": "Хорватия"
	},
	"CF": {
		"name": "Центрально-Африканская Республика"
	},
	"TD": {
		"name": "Чад"
	},
	"ME": {
		"name": "Черногория"
	},
	"CZ": {
		"name": "Чехия"
	},
	"CL": {
		"name": "Чили"
	},
	"CH": {
		"name": "Швейцария"
	},
	"SE": {
		"name": "Швеция"
	},
	"SJ": {
		"name": "Шпицберген и Ян-Майен"
	},
	"LK": {
		"name": "Шри-Ланка"
	},
	"EC": {
		"name": "Эквадор"
	},
	"GQ": {
		"name": "Экваториальная Гвинея"
	},
	"ER": {
		"name": "Эритрея"
	},
	"EE": {
		"name": "Эстония"
	},
	"ET": {
		"name": "Эфиопия"
	},
	"ZA": {
		"name": "ЮАР"
	},
	"GS": {
		"name": "Южная Георгия и Южные Сандвичевы о-ва"
	},
	"SS": {
		"name": "Южный Судан"
	},
	"JM": {
		"name": "Ямайка"
	},
	"JP": {
		"name": "Япония"
	}
}