{
	"IE": {
		"name": "අයර්ලන්තය"
	},
	"IM": {
		"name": "අයිල් ඔෆ් මෑන්"
	},
	"IS": {
		"name": "අයිස්ලන්තය"
	},
	"AW": {
		"name": "අරුබාව"
	},
	"AZ": {
		"name": "අසර්බයිජානය"
	},
	"AR": {
		"name": "ආර්ජෙන්ටිනාව"
	},
	"AM": {
		"name": "ආර්මේනියාව"
	},
	"AI": {
		"name": "ඇන්ගුයිලාව"
	},
	"AO": {
		"name": "ඇන්ගෝලාව"
	},
	"AQ": {
		"name": "ඇන්ටාක්ටිකාව"
	},
	"AG": {
		"name": "ඇන්ටිගුවා සහ බාබියුඩාව"
	},
	"AD": {
		"name": "ඇන්ඩෝරාව"
	},
	"VI": {
		"name": "ඇමරිකානු වර්ජින් දූපත්"
	},
	"AS": {
		"name": "ඇමරිකානු සැමෝවාව"
	},
	"DZ": {
		"name": "ඇල්ජීරියාව"
	},
	"AL": {
		"name": "ඇල්බේනියාව"
	},
	"AC": {
		"name": "ඇසෙන්ෂන් දිවයින"
	},
	"AF": {
		"name": "ඇෆ්ගනිස්ථානය"
	},
	"EC": {
		"name": "ඉක්වදෝරය"
	},
	"IT": {
		"name": "ඉතාලිය"
	},
	"ET": {
		"name": "ඉතියෝපියාව"
	},
	"IN": {
		"name": "ඉන්දියාව"
	},
	"ID": {
		"name": "ඉන්දුනීසියාව"
	},
	"IQ": {
		"name": "ඉරාකය"
	},
	"IR": {
		"name": "ඉරානය"
	},
	"EG": {
		"name": "ඊජිප්තුව"
	},
	"IL": {
		"name": "ඊශ්‍රායලය"
	},
	"UG": {
		"name": "උගන්ඩාව"
	},
	"KP": {
		"name": "උතුරු කොරියාව"
	},
	"MP": {
		"name": "උතුරු මරියානා දූපත්"
	},
	"UY": {
		"name": "උරුගුවේ"
	},
	"UZ": {
		"name": "උස්බෙකිස්ථානය"
	},
	"AE": {
		"name": "එක්සත් අරාබි එමිර් රාජ්‍යය"
	},
	"UM": {
		"name": "එක්සත් ජනපද ඈත දූපත්"
	},
	"US": {
		"name": "එක්සත් ජනපදය"
	},
	"GB": {
		"name": "එක්සත් රාජධානිය"
	},
	"ER": {
		"name": "එරිත්‍රියාව"
	},
	"SV": {
		"name": "එල් සැල්වදෝරය"
	},
	"EE": {
		"name": "එස්තෝනියාව"
	},
	"AT": {
		"name": "ඔස්ට්‍රියාව"
	},
	"OM": {
		"name": "ඕමානය"
	},
	"AX": {
		"name": "ඕලන්ඩ් දූපත්"
	},
	"AU": {
		"name": "ඕස්ට්‍රේලියාව"
	},
	"QA": {
		"name": "කටාර්"
	},
	"KZ": {
		"name": "කසකස්තානය"
	},
	"KH": {
		"name": "කාම්බෝජය"
	},
	"CA": {
		"name": "කැනඩාව"
	},
	"IC": {
		"name": "කැනරි සූපත්"
	},
	"CM": {
		"name": "කැමරූන්"
	},
	"BQ": {
		"name": "කැරිබියානු නෙදර්ලන්තය"
	},
	"CU": {
		"name": "කියුබාව"
	},
	"KI": {
		"name": "කිරිබති"
	},
	"KG": {
		"name": "කිර්ගිස්තානය"
	},
	"CK": {
		"name": "කුක් දූපත්"
	},
	"CW": {
		"name": "කුරකාවෝ"
	},
	"KW": {
		"name": "කුවේටය"
	},
	"KE": {
		"name": "කෙන්යාව"
	},
	"CV": {
		"name": "කේප් වර්ඩ්"
	},
	"KY": {
		"name": "කේමන් දූපත්"
	},
	"CD": {
		"name": "කොංගො - කින්ශාසා"
	},
	"CG": {
		"name": "කොංගො - බ්‍රසාවිල්"
	},
	"CC": {
		"name": "කොකෝස් දූපත්"
	},
	"KM": {
		"name": "කොමොරෝස්"
	},
	"XK": {
		"name": "කොසෝවෝ"
	},
	"CR": {
		"name": "කොස්ටරිකාව"
	},
	"CO": {
		"name": "කොළොම්බියාව"
	},
	"CI": {
		"name": "කෝට් දි අයිවරි"
	},
	"CX": {
		"name": "ක්‍රිස්මස් දූපත"
	},
	"HR": {
		"name": "ක්‍රොඒෂියාව"
	},
	"GY": {
		"name": "ගයනාව"
	},
	"GG": {
		"name": "ගර්න්සිය"
	},
	"GA": {
		"name": "ගැබොන්"
	},
	"GM": {
		"name": "ගැම්බියාව"
	},
	"GN": {
		"name": "ගිණියාව"
	},
	"GW": {
		"name": "ගිනි බිසව්"
	},
	"GU": {
		"name": "ගුවාම්"
	},
	"GT": {
		"name": "ගෝතමාලාව"
	},
	"GD": {
		"name": "ග්‍රැනඩාව"
	},
	"GL": {
		"name": "ග්‍රීන්ලන්තය"
	},
	"GR": {
		"name": "ග්‍රීසිය"
	},
	"GP": {
		"name": "ග්වෝඩලෝප්"
	},
	"GH": {
		"name": "ඝානාව"
	},
	"TD": {
		"name": "චැච්"
	},
	"CL": {
		"name": "චිලී"
	},
	"CN": {
		"name": "චීනය"
	},
	"CZ": {
		"name": "චෙක් ජනරජය"
	},
	"JP": {
		"name": "ජපානය"
	},
	"DE": {
		"name": "ජර්මනිය"
	},
	"JE": {
		"name": "ජර්සි"
	},
	"JM": {
		"name": "ජැමෙයිකාව"
	},
	"DJ": {
		"name": "ජිබුටි"
	},
	"GI": {
		"name": "ජිබ්‍රෝල්ටාව"
	},
	"GE": {
		"name": "ජෝර්ජියාව"
	},
	"JO": {
		"name": "ජෝර්දානය"
	},
	"TJ": {
		"name": "ටජිකිස්තානය"
	},
	"TM": {
		"name": "ටර්ක්මෙනිස්ථානය"
	},
	"TC": {
		"name": "ටර්ක්ස් සහ කයිකොස් දූපත්"
	},
	"TZ": {
		"name": "ටැන්සානියාව"
	},
	"TL": {
		"name": "ටිමෝර් - ලෙස්ත්"
	},
	"TN": {
		"name": "ටියුනීසියාව"
	},
	"TV": {
		"name": "ටුවාලූ"
	},
	"TO": {
		"name": "ටොංගා"
	},
	"TK": {
		"name": "ටොකලාවු"
	},
	"TG": {
		"name": "ටොගෝ"
	},
	"TT": {
		"name": "ට්‍රිනිඩෑඩ් සහ ටොබැගෝ"
	},
	"TA": {
		"name": "ට්‍රිස්ටන් ද කුන්හා"
	},
	"DK": {
		"name": "ඩෙන්මාර්කය"
	},
	"DO": {
		"name": "ඩොමිනිකා ජනරජය"
	},
	"DM": {
		"name": "ඩොමිනිකාව"
	},
	"TH": {
		"name": "තායිලන්තය"
	},
	"TW": {
		"name": "තායිවානය"
	},
	"TR": {
		"name": "තුර්කිය"
	},
	"ZA": {
		"name": "දකුණු අප්‍රිකාව"
	},
	"KR": {
		"name": "දකුණු කොරියාව"
	},
	"GS": {
		"name": "දකුණු ජෝර්ජියාව සහ දකුණු සැන්ඩ්විච් දූපත්"
	},
	"TF": {
		"name": "දකුණු ප්‍රංශ දූපත් සමූහය"
	},
	"SS": {
		"name": "දකුණු සුඩානය"
	},
	"DG": {
		"name": "දියාගෝ ගාර්සියා"
	},
	"NE": {
		"name": "නයිජර්"
	},
	"NG": {
		"name": "නයිජීරියාව"
	},
	"NC": {
		"name": "නව කැලිඩෝනියාව"
	},
	"NZ": {
		"name": "නවසීලන්තය"
	},
	"NR": {
		"name": "නාවුරු"
	},
	"NA": {
		"name": "නැමීබියාව"
	},
	"NI": {
		"name": "නිකරගුවාව"
	},
	"NU": {
		"name": "නියූ"
	},
	"NL": {
		"name": "නෙදර්ලන්තය"
	},
	"NP": {
		"name": "නේපාලය"
	},
	"NO": {
		"name": "නෝර්වේ"
	},
	"NF": {
		"name": "නෝෆෝක් දූපත"
	},
	"PS": {
		"name": "පලස්තීන රාජ්‍යය"
	},
	"PW": {
		"name": "පලාවු"
	},
	"PK": {
		"name": "පාකිස්තානය"
	},
	"PA": {
		"name": "පැනමාව"
	},
	"PG": {
		"name": "පැපුවා නිව් ගිනියාව"
	},
	"PY": {
		"name": "පැරගුවේ"
	},
	"PN": {
		"name": "පිට්කෙය්න් දූපත්"
	},
	"PH": {
		"name": "පිලිපීනය"
	},
	"PR": {
		"name": "පුවර්ටෝ රිකෝ"
	},
	"PT": {
		"name": "පෘතුගාලය"
	},
	"PE": {
		"name": "පේරු"
	},
	"PL": {
		"name": "පෝලන්තය"
	},
	"GF": {
		"name": "ප්‍රංශ ගයනාව"
	},
	"PF": {
		"name": "ප්‍රංශ පොලිනීසියාව"
	},
	"FR": {
		"name": "ප්‍රංශය"
	},
	"BD": {
		"name": "බංග්ලාදේශය"
	},
	"EH": {
		"name": "බටහිර සහරාව"
	},
	"BF": {
		"name": "බර්කිනා ෆාසෝ"
	},
	"BM": {
		"name": "බර්මියුඩා"
	},
	"BG": {
		"name": "බල්ගේරියාව"
	},
	"BS": {
		"name": "බහමාස්"
	},
	"BH": {
		"name": "බහරේන්"
	},
	"BB": {
		"name": "බාර්බඩෝස්"
	},
	"BI": {
		"name": "බුරුන්දි"
	},
	"BN": {
		"name": "බෲනායි"
	},
	"BJ": {
		"name": "බෙනින්"
	},
	"BY": {
		"name": "බෙලරුස්"
	},
	"BZ": {
		"name": "බෙලීස්"
	},
	"BE": {
		"name": "බෙල්ජියම"
	},
	"BW": {
		"name": "බොට්ස්වානා"
	},
	"BO": {
		"name": "බොලීවියාව"
	},
	"BA": {
		"name": "බොස්නියාව සහ හර්සගොවීනාව"
	},
	"BR": {
		"name": "බ්‍රසීලය"
	},
	"IO": {
		"name": "බ්‍රිතාන්‍ය ඉන්දීය සාගර බල ප්‍රදේශය"
	},
	"VG": {
		"name": "බ්‍රිතාන්‍ය වර්ජින් දූපත්"
	},
	"BT": {
		"name": "භූතානය"
	},
	"MO": {
		"name": "මකාවු චීන විශේෂ පරිපාලන කලාපය"
	},
	"CF": {
		"name": "මධ්‍යම අප්‍රිකානු ජනරජය"
	},
	"FM": {
		"name": "මයික්‍රොනීසියාව"
	},
	"YT": {
		"name": "මයෝට්"
	},
	"MQ": {
		"name": "මර්ටිනික්"
	},
	"MW": {
		"name": "මලාවි"
	},
	"MV": {
		"name": "මාල දිවයින"
	},
	"ML": {
		"name": "මාලි"
	},
	"MH": {
		"name": "මාෂල් දූපත්"
	},
	"MG": {
		"name": "මැඩගස්කරය"
	},
	"MY": {
		"name": "මැලේසියාව"
	},
	"MK": {
		"name": "මැසිඩෝනියාව"
	},
	"MM": {
		"name": "මියන්මාරය (බුරුමය)"
	},
	"MU": {
		"name": "මුරුසිය"
	},
	"MX": {
		"name": "මෙක්සිකෝව"
	},
	"MC": {
		"name": "මොනාකෝව"
	},
	"MN": {
		"name": "මොන්ගෝලියාව"
	},
	"ME": {
		"name": "මොන්ටෙනීග්‍රෝ"
	},
	"MS": {
		"name": "මොන්සෙරාට්"
	},
	"MR": {
		"name": "මොරිටේනියාව"
	},
	"MA": {
		"name": "මොරොක්කෝව"
	},
	"MD": {
		"name": "මොල්ඩෝවාව"
	},
	"MZ": {
		"name": "මොසැම්බික්"
	},
	"MT": {
		"name": "මෝල්ටාව"
	},
	"UA": {
		"name": "යුක්රේනය"
	},
	"YE": {
		"name": "යේමනය"
	},
	"RE": {
		"name": "රීයුනියන්"
	},
	"RO": {
		"name": "රුමේනියාව"
	},
	"RW": {
		"name": "රුවන්ඩාව"
	},
	"RU": {
		"name": "රුසියාව"
	},
	"LU": {
		"name": "ලක්ශම්බර්ග්"
	},
	"LR": {
		"name": "ලයිබීරියාව"
	},
	"LA": {
		"name": "ලාඕසය"
	},
	"LV": {
		"name": "ලැට්වියාව"
	},
	"LI": {
		"name": "ලික්ටන්ස්ටයින්"
	},
	"LT": {
		"name": "ලිතුවේනියාව"
	},
	"LY": {
		"name": "ලිබියාව"
	},
	"LB": {
		"name": "ලෙබනනය"
	},
	"LS": {
		"name": "ලෙසතෝ"
	},
	"VA": {
		"name": "වතිකානු නගරය"
	},
	"VU": {
		"name": "වනුවාටු"
	},
	"WF": {
		"name": "වැලිස් සහ ෆුටුනා"
	},
	"VN": {
		"name": "වියට්නාමය"
	},
	"VE": {
		"name": "වෙනිසියුලාව"
	},
	"KN": {
		"name": "ශාන්ත කිට්ස් සහ නේවිස්"
	},
	"PM": {
		"name": "ශාන්ත පියරේ සහ මැකෝලන්"
	},
	"BL": {
		"name": "ශාන්ත බර්තලෙමි"
	},
	"MF": {
		"name": "ශාන්ත මාර්ටින්"
	},
	"SX": {
		"name": "ශාන්ත මාර්ටෙන්"
	},
	"LC": {
		"name": "ශාන්ත ලුසියා"
	},
	"VC": {
		"name": "ශාන්ත වින්සන්ට් සහ ග්‍රෙනඩින්ස්"
	},
	"SH": {
		"name": "ශාන්ත හෙලේනා"
	},
	"LK": {
		"name": "ශ්‍රී ලංකාව"
	},
	"GQ": {
		"name": "සමක ගිනියාව"
	},
	"CY": {
		"name": "සයිප්‍රසය"
	},
	"RS": {
		"name": "සර්බියාව"
	},
	"ST": {
		"name": "සාඕ තෝම් සහ ප්‍රින්සිප්"
	},
	"SM": {
		"name": "සැන් මැරිනෝ"
	},
	"WS": {
		"name": "සැමෝවා"
	},
	"ZM": {
		"name": "සැම්බියාව"
	},
	"SG": {
		"name": "සිංගප්පූරුව"
	},
	"ZW": {
		"name": "සිම්බාබ්වේ"
	},
	"SL": {
		"name": "සියරාලියෝන්"
	},
	"SY": {
		"name": "සිරියාව"
	},
	"SC": {
		"name": "සීශෙල්ස්"
	},
	"SR": {
		"name": "සුරිනාමය"
	},
	"SD": {
		"name": "සූඩානය"
	},
	"SN": {
		"name": "සෙනගාලය"
	},
	"EA": {
		"name": "සෙයුටා සහ මෙලිල්ලා"
	},
	"SB": {
		"name": "සොලමන් දූපත්"
	},
	"SO": {
		"name": "සෝමාලියාව"
	},
	"SA": {
		"name": "සෞදි අරාබිය"
	},
	"ES": {
		"name": "ස්පාඤ්ඤය"
	},
	"SK": {
		"name": "ස්ලෝවැකියාව"
	},
	"SI": {
		"name": "ස්ලෝවේනියාව"
	},
	"SZ": {
		"name": "ස්වාසිලන්තය"
	},
	"CH": {
		"name": "ස්විස්ටර්ලන්තය"
	},
	"SE": {
		"name": "ස්වීඩනය"
	},
	"SJ": {
		"name": "ස්වෙල්බර්ඩ් සහ ජේන් මයේන්"
	},
	"HU": {
		"name": "හන්ගේරියාව"
	},
	"HT": {
		"name": "හයිටි"
	},
	"HK": {
		"name": "හොංකොං චීන විශේෂ පරිපාලන කලාපය"
	},
	"HN": {
		"name": "හොන්ඩුරාස්"
	},
	"FO": {
		"name": "ෆැරෝ දූපත්"
	},
	"FI": {
		"name": "ෆින්ලන්තය"
	},
	"FJ": {
		"name": "ෆීජී"
	},
	"FK": {
		"name": "ෆෝක්ලන්ත දූපත්"
	}
}