{
	"AF": {
		"name": "Afghanistan"
	},
	"AL": {
		"name": "Albanien"
	},
	"DZ": {
		"name": "Algeriet"
	},
	"VI": {
		"name": "Amerikanska Jungfruöarna"
	},
	"AS": {
		"name": "Amerikanska Samoa"
	},
	"AD": {
		"name": "Andorra"
	},
	"AO": {
		"name": "Angola"
	},
	"AI": {
		"name": "Anguilla"
	},
	"AQ": {
		"name": "Antarktis"
	},
	"AG": {
		"name": "Antigua och Barbuda"
	},
	"AR": {
		"name": "Argentina"
	},
	"AM": {
		"name": "Armenien"
	},
	"AW": {
		"name": "Aruba"
	},
	"AC": {
		"name": "Ascension"
	},
	"AU": {
		"name": "Australien"
	},
	"AZ": {
		"name": "Azerbajdzjan"
	},
	"BS": {
		"name": "Bahamas"
	},
	"BH": {
		"name": "Bahrain"
	},
	"BD": {
		"name": "Bangladesh"
	},
	"BB": {
		"name": "Barbados"
	},
	"BE": {
		"name": "Belgien"
	},
	"BZ": {
		"name": "Belize"
	},
	"BJ": {
		"name": "Benin"
	},
	"BM": {
		"name": "Bermuda"
	},
	"BT": {
		"name": "Bhutan"
	},
	"BO": {
		"name": "Bolivia"
	},
	"BA": {
		"name": "Bosnien och Hercegovina"
	},
	"BW": {
		"name": "Botswana"
	},
	"BR": {
		"name": "Brasilien"
	},
	"VG": {
		"name": "Brittiska Jungfruöarna"
	},
	"IO": {
		"name": "Brittiska territoriet i Indiska oceanen"
	},
	"BN": {
		"name": "Brunei"
	},
	"BG": {
		"name": "Bulgarien"
	},
	"BF": {
		"name": "Burkina Faso"
	},
	"BI": {
		"name": "Burundi"
	},
	"KY": {
		"name": "Caymanöarna"
	},
	"CF": {
		"name": "Centralafrikanska republiken"
	},
	"EA": {
		"name": "Ceuta och Melilla"
	},
	"CL": {
		"name": "Chile"
	},
	"CO": {
		"name": "Colombia"
	},
	"CK": {
		"name": "Cooköarna"
	},
	"CR": {
		"name": "Costa Rica"
	},
	"CW": {
		"name": "Curaçao"
	},
	"CY": {
		"name": "Cypern"
	},
	"DK": {
		"name": "Danmark"
	},
	"DG": {
		"name": "Diego Garcia"
	},
	"DJ": {
		"name": "Djibouti"
	},
	"DM": {
		"name": "Dominica"
	},
	"DO": {
		"name": "Dominikanska republiken"
	},
	"EC": {
		"name": "Ecuador"
	},
	"EG": {
		"name": "Egypten"
	},
	"GQ": {
		"name": "Ekvatorialguinea"
	},
	"SV": {
		"name": "El Salvador"
	},
	"CI": {
		"name": "Elfenbenskusten"
	},
	"ER": {
		"name": "Eritrea"
	},
	"EE": {
		"name": "Estland"
	},
	"ET": {
		"name": "Etiopien"
	},
	"FK": {
		"name": "Falklandsöarna"
	},
	"FJ": {
		"name": "Fiji"
	},
	"PH": {
		"name": "Filippinerna"
	},
	"FI": {
		"name": "Finland"
	},
	"FR": {
		"name": "Frankrike"
	},
	"GF": {
		"name": "Franska Guyana"
	},
	"PF": {
		"name": "Franska Polynesien"
	},
	"TF": {
		"name": "Franska sydterritorierna"
	},
	"FO": {
		"name": "Färöarna"
	},
	"AE": {
		"name": "Förenade Arabemiraten"
	},
	"GA": {
		"name": "Gabon"
	},
	"GM": {
		"name": "Gambia"
	},
	"GE": {
		"name": "Georgien"
	},
	"GH": {
		"name": "Ghana"
	},
	"GI": {
		"name": "Gibraltar"
	},
	"GR": {
		"name": "Grekland"
	},
	"GD": {
		"name": "Grenada"
	},
	"GL": {
		"name": "Grönland"
	},
	"GP": {
		"name": "Guadeloupe"
	},
	"GU": {
		"name": "Guam"
	},
	"GT": {
		"name": "Guatemala"
	},
	"GG": {
		"name": "Guernsey"
	},
	"GN": {
		"name": "Guinea"
	},
	"GW": {
		"name": "Guinea-Bissau"
	},
	"GY": {
		"name": "Guyana"
	},
	"HT": {
		"name": "Haiti"
	},
	"HN": {
		"name": "Honduras"
	},
	"HK": {
		"name": "Hongkong, S.A.R. Kina"
	},
	"IN": {
		"name": "Indien"
	},
	"ID": {
		"name": "Indonesien"
	},
	"IQ": {
		"name": "Irak"
	},
	"IR": {
		"name": "Iran"
	},
	"IE": {
		"name": "Irland"
	},
	"IS": {
		"name": "Island"
	},
	"IM": {
		"name": "Isle of Man"
	},
	"IL": {
		"name": "Israel"
	},
	"IT": {
		"name": "Italien"
	},
	"JM": {
		"name": "Jamaica"
	},
	"JP": {
		"name": "Japan"
	},
	"YE": {
		"name": "Jemen"
	},
	"JE": {
		"name": "Jersey"
	},
	"JO": {
		"name": "Jordanien"
	},
	"CX": {
		"name": "Julön"
	},
	"KH": {
		"name": "Kambodja"
	},
	"CM": {
		"name": "Kamerun"
	},
	"CA": {
		"name": "Kanada"
	},
	"IC": {
		"name": "Kanarieöarna"
	},
	"CV": {
		"name": "Kap Verde"
	},
	"BQ": {
		"name": "Karibiska Nederländerna"
	},
	"KZ": {
		"name": "Kazakstan"
	},
	"KE": {
		"name": "Kenya"
	},
	"CN": {
		"name": "Kina"
	},
	"KG": {
		"name": "Kirgizistan"
	},
	"KI": {
		"name": "Kiribati"
	},
	"CC": {
		"name": "Kokosöarna"
	},
	"KM": {
		"name": "Komorerna"
	},
	"CG": {
		"name": "Kongo-Brazzaville"
	},
	"CD": {
		"name": "Kongo-Kinshasa"
	},
	"XK": {
		"name": "Kosovo"
	},
	"HR": {
		"name": "Kroatien"
	},
	"CU": {
		"name": "Kuba"
	},
	"KW": {
		"name": "Kuwait"
	},
	"LA": {
		"name": "Laos"
	},
	"LS": {
		"name": "Lesotho"
	},
	"LV": {
		"name": "Lettland"
	},
	"LB": {
		"name": "Libanon"
	},
	"LR": {
		"name": "Liberia"
	},
	"LY": {
		"name": "Libyen"
	},
	"LI": {
		"name": "Liechtenstein"
	},
	"LT": {
		"name": "Litauen"
	},
	"LU": {
		"name": "Luxemburg"
	},
	"MO": {
		"name": "Macao, S.A.R. Kina"
	},
	"MG": {
		"name": "Madagaskar"
	},
	"MK": {
		"name": "Makedonien"
	},
	"MW": {
		"name": "Malawi"
	},
	"MY": {
		"name": "Malaysia"
	},
	"MV": {
		"name": "Maldiverna"
	},
	"ML": {
		"name": "Mali"
	},
	"MT": {
		"name": "Malta"
	},
	"MA": {
		"name": "Marocko"
	},
	"MH": {
		"name": "Marshallöarna"
	},
	"MQ": {
		"name": "Martinique"
	},
	"MR": {
		"name": "Mauretanien"
	},
	"MU": {
		"name": "Mauritius"
	},
	"YT": {
		"name": "Mayotte"
	},
	"MX": {
		"name": "Mexiko"
	},
	"FM": {
		"name": "Mikronesien"
	},
	"MZ": {
		"name": "Moçambique"
	},
	"MD": {
		"name": "Moldavien"
	},
	"MC": {
		"name": "Monaco"
	},
	"MN": {
		"name": "Mongoliet"
	},
	"ME": {
		"name": "Montenegro"
	},
	"MS": {
		"name": "Montserrat"
	},
	"MM": {
		"name": "Myanmar (Burma)"
	},
	"NA": {
		"name": "Namibia"
	},
	"NR": {
		"name": "Nauru"
	},
	"NL": {
		"name": "Nederländerna"
	},
	"NP": {
		"name": "Nepal"
	},
	"NI": {
		"name": "Nicaragua"
	},
	"NE": {
		"name": "Niger"
	},
	"NG": {
		"name": "Nigeria"
	},
	"NU": {
		"name": "Niue"
	},
	"KP": {
		"name": "Nordkorea"
	},
	"MP": {
		"name": "Nordmarianerna"
	},
	"NF": {
		"name": "Norfolkön"
	},
	"NO": {
		"name": "Norge"
	},
	"NC": {
		"name": "Nya Kaledonien"
	},
	"NZ": {
		"name": "Nya Zeeland"
	},
	"OM": {
		"name": "Oman"
	},
	"PK": {
		"name": "Pakistan"
	},
	"PW": {
		"name": "Palau"
	},
	"PS": {
		"name": "Palestinska territorierna"
	},
	"PA": {
		"name": "Panama"
	},
	"PG": {
		"name": "Papua Nya Guinea"
	},
	"PY": {
		"name": "Paraguay"
	},
	"PE": {
		"name": "Peru"
	},
	"PN": {
		"name": "Pitcairnöarna"
	},
	"PL": {
		"name": "Polen"
	},
	"PT": {
		"name": "Portugal"
	},
	"PR": {
		"name": "Puerto Rico"
	},
	"QA": {
		"name": "Qatar"
	},
	"RE": {
		"name": "Réunion"
	},
	"RO": {
		"name": "Rumänien"
	},
	"RW": {
		"name": "Rwanda"
	},
	"RU": {
		"name": "Ryssland"
	},
	"BL": {
		"name": "S:t Barthélemy"
	},
	"SH": {
		"name": "S:t Helena"
	},
	"KN": {
		"name": "S:t Kitts och Nevis"
	},
	"LC": {
		"name": "S:t Lucia"
	},
	"PM": {
		"name": "S:t Pierre och Miquelon"
	},
	"VC": {
		"name": "S:t Vincent och Grenadinerna"
	},
	"MF": {
		"name": "Saint-Martin"
	},
	"SB": {
		"name": "Salomonöarna"
	},
	"WS": {
		"name": "Samoa"
	},
	"SM": {
		"name": "San Marino"
	},
	"ST": {
		"name": "São Tomé och Príncipe"
	},
	"SA": {
		"name": "Saudiarabien"
	},
	"CH": {
		"name": "Schweiz"
	},
	"SN": {
		"name": "Senegal"
	},
	"RS": {
		"name": "Serbien"
	},
	"SC": {
		"name": "Seychellerna"
	},
	"SL": {
		"name": "Sierra Leone"
	},
	"SG": {
		"name": "Singapore"
	},
	"SX": {
		"name": "Sint Maarten"
	},
	"SK": {
		"name": "Slovakien"
	},
	"SI": {
		"name": "Slovenien"
	},
	"SO": {
		"name": "Somalia"
	},
	"ES": {
		"name": "Spanien"
	},
	"LK": {
		"name": "Sri Lanka"
	},
	"GB": {
		"name": "Storbritannien"
	},
	"SD": {
		"name": "Sudan"
	},
	"SR": {
		"name": "Surinam"
	},
	"SJ": {
		"name": "Svalbard och Jan Mayen"
	},
	"SE": {
		"name": "Sverige"
	},
	"SZ": {
		"name": "Swaziland"
	},
	"ZA": {
		"name": "Sydafrika"
	},
	"GS": {
		"name": "Sydgeorgien och Sydsandwichöarna"
	},
	"KR": {
		"name": "Sydkorea"
	},
	"SS": {
		"name": "Sydsudan"
	},
	"SY": {
		"name": "Syrien"
	},
	"TJ": {
		"name": "Tadzjikistan"
	},
	"TW": {
		"name": "Taiwan"
	},
	"TZ": {
		"name": "Tanzania"
	},
	"TD": {
		"name": "Tchad"
	},
	"TH": {
		"name": "Thailand"
	},
	"CZ": {
		"name": "Tjeckien"
	},
	"TG": {
		"name": "Togo"
	},
	"TK": {
		"name": "Tokelau"
	},
	"TO": {
		"name": "Tonga"
	},
	"TT": {
		"name": "Trinidad och Tobago"
	},
	"TA": {
		"name": "Tristan da Cunha"
	},
	"TN": {
		"name": "Tunisien"
	},
	"TR": {
		"name": "Turkiet"
	},
	"TM": {
		"name": "Turkmenistan"
	},
	"TC": {
		"name": "Turks- och Caicosöarna"
	},
	"TV": {
		"name": "Tuvalu"
	},
	"DE": {
		"name": "Tyskland"
	},
	"UG": {
		"name": "Uganda"
	},
	"UA": {
		"name": "Ukraina"
	},
	"HU": {
		"name": "Ungern"
	},
	"UY": {
		"name": "Uruguay"
	},
	"US": {
		"name": "USA"
	},
	"UM": {
		"name": "USA:s yttre öar"
	},
	"UZ": {
		"name": "Uzbekistan"
	},
	"VU": {
		"name": "Vanuatu"
	},
	"VA": {
		"name": "Vatikanstaten"
	},
	"VE": {
		"name": "Venezuela"
	},
	"VN": {
		"name": "Vietnam"
	},
	"BY": {
		"name": "Vitryssland"
	},
	"EH": {
		"name": "Västsahara"
	},
	"WF": {
		"name": "Wallis- och Futunaöarna"
	},
	"ZM": {
		"name": "Zambia"
	},
	"ZW": {
		"name": "Zimbabwe"
	},
	"AX": {
		"name": "Åland"
	},
	"AT": {
		"name": "Österrike"
	},
	"TL": {
		"name": "Östtimor"
	}
}