{
	"AI": {
		"name": "அங்குய்லா"
	},
	"AO": {
		"name": "அங்கோலா"
	},
	"AZ": {
		"name": "அசர்பைஜான்"
	},
	"AQ": {
		"name": "அண்டார்டிகா"
	},
	"AS": {
		"name": "அமெரிக்க சமோவா"
	},
	"US": {
		"name": "அமெரிக்கா"
	},
	"IE": {
		"name": "அயர்லாந்து"
	},
	"AM": {
		"name": "அர்மேனியா"
	},
	"AR": {
		"name": "அர்ஜென்டினா"
	},
	"AW": {
		"name": "அரூபா"
	},
	"AL": {
		"name": "அல்பேனியா"
	},
	"DZ": {
		"name": "அல்ஜீரியா"
	},
	"AD": {
		"name": "அன்டோரா"
	},
	"AC": {
		"name": "அஷன்ஷியன் தீவு"
	},
	"AG": {
		"name": "ஆண்டிகுவா மற்றும் பார்புடா"
	},
	"AF": {
		"name": "ஆப்கானிஸ்தான்"
	},
	"AX": {
		"name": "ஆலந்து தீவுகள்"
	},
	"AT": {
		"name": "ஆஸ்திரியா"
	},
	"AU": {
		"name": "ஆஸ்திரேலியா"
	},
	"IT": {
		"name": "இத்தாலி"
	},
	"IN": {
		"name": "இந்தியா"
	},
	"ID": {
		"name": "இந்தோனேசியா"
	},
	"LK": {
		"name": "இலங்கை"
	},
	"IL": {
		"name": "இஸ்ரேல்"
	},
	"EC": {
		"name": "ஈக்வடார்"
	},
	"GQ": {
		"name": "ஈக்வடோரியல் கினியா"
	},
	"IQ": {
		"name": "ஈராக்"
	},
	"IR": {
		"name": "ஈரான்"
	},
	"UA": {
		"name": "உக்ரைன்"
	},
	"UG": {
		"name": "உகாண்டா"
	},
	"UY": {
		"name": "உருகுவே"
	},
	"UZ": {
		"name": "உஸ்பெகிஸ்தான்"
	},
	"EG": {
		"name": "எகிப்து"
	},
	"ET": {
		"name": "எதியோப்பியா"
	},
	"ER": {
		"name": "எரிட்ரியா"
	},
	"SV": {
		"name": "எல் சால்வடார்"
	},
	"EE": {
		"name": "எஸ்டோனியா"
	},
	"YE": {
		"name": "ஏமன்"
	},
	"AE": {
		"name": "ஐக்கிய அரபு எமிரேட்ஸ்"
	},
	"GB": {
		"name": "ஐக்கிய பேரரசு"
	},
	"IM": {
		"name": "ஐல் ஆஃப் மேன்"
	},
	"IS": {
		"name": "ஐஸ்லாந்து"
	},
	"OM": {
		"name": "ஓமன்"
	},
	"FK": {
		"name": "ஃபாக்லாந்து தீவுகள்"
	},
	"FO": {
		"name": "ஃபாரோ தீவுகள்"
	},
	"FJ": {
		"name": "ஃபிஜி"
	},
	"GP": {
		"name": "க்வாதேலோப்"
	},
	"QA": {
		"name": "கத்தார்"
	},
	"KH": {
		"name": "கம்போடியா"
	},
	"GY": {
		"name": "கயானா"
	},
	"BQ": {
		"name": "கரீபியன் நெதர்லாந்து"
	},
	"GT": {
		"name": "கவுதமாலா"
	},
	"CA": {
		"name": "கனடா"
	},
	"KZ": {
		"name": "கஸகஸ்தான்"
	},
	"CD": {
		"name": "காங்கோ - கின்ஷாசா"
	},
	"CG": {
		"name": "காங்கோ - ப்ராஸாவில்லே"
	},
	"GM": {
		"name": "காம்பியா"
	},
	"GH": {
		"name": "கானா"
	},
	"CU": {
		"name": "கியூபா"
	},
	"KG": {
		"name": "கிர்கிஸ்தான்"
	},
	"GD": {
		"name": "கிரனெடா"
	},
	"KI": {
		"name": "கிரிபடி"
	},
	"GL": {
		"name": "கிரீன்லாந்து"
	},
	"GR": {
		"name": "கிரீஸ்"
	},
	"CX": {
		"name": "கிறிஸ்துமஸ் தீவு"
	},
	"GN": {
		"name": "கினியா"
	},
	"GW": {
		"name": "கினியா-பிஸ்ஸாவ்"
	},
	"CK": {
		"name": "குக் தீவுகள்"
	},
	"CW": {
		"name": "குராகவ்"
	},
	"HR": {
		"name": "குரேஷியா"
	},
	"GU": {
		"name": "குவாம்"
	},
	"KW": {
		"name": "குவைத்"
	},
	"KY": {
		"name": "கெய்மென் தீவுகள்"
	},
	"GG": {
		"name": "கெர்ன்சி"
	},
	"KE": {
		"name": "கென்யா"
	},
	"CV": {
		"name": "கேப் வெர்டே"
	},
	"GA": {
		"name": "கேபான்"
	},
	"CM": {
		"name": "கேமரூன்"
	},
	"IC": {
		"name": "கேனரி தீவுகள்"
	},
	"XK": {
		"name": "கொசோவோ"
	},
	"CO": {
		"name": "கொலம்பியா"
	},
	"CC": {
		"name": "கோகோஸ் (கீலிங்) தீவுகள்"
	},
	"CI": {
		"name": "கோட் தி’வாயர்"
	},
	"KM": {
		"name": "கோமரோஸ்"
	},
	"CR": {
		"name": "கோஸ்டாரிகா"
	},
	"WS": {
		"name": "சமோவா"
	},
	"SA": {
		"name": "சவூதி அரேபியா"
	},
	"TD": {
		"name": "சாட்"
	},
	"SB": {
		"name": "சாலமன் தீவுகள்"
	},
	"ST": {
		"name": "சாவ் தோம் & ப்ரின்சிபி"
	},
	"SM": {
		"name": "சான் மரினோ"
	},
	"SG": {
		"name": "சிங்கப்பூர்"
	},
	"SL": {
		"name": "சியாரா லியோன்"
	},
	"EA": {
		"name": "சியூடா & மெலில்லா"
	},
	"SY": {
		"name": "சிரியா"
	},
	"CL": {
		"name": "சிலி"
	},
	"SX": {
		"name": "சின்ட் மார்டென்"
	},
	"CN": {
		"name": "சீனா"
	},
	"SC": {
		"name": "சீஷெல்ஸ்"
	},
	"SR": {
		"name": "சுரினாம்"
	},
	"SD": {
		"name": "சூடான்"
	},
	"CZ": {
		"name": "செக் குடியரசு"
	},
	"KN": {
		"name": "செயின்ட் கிட்ஸ் & நெவிஸ்"
	},
	"BL": {
		"name": "செயின்ட் பார்தேலெமி"
	},
	"PM": {
		"name": "செயின்ட் பியர் & மிக்வேலான்"
	},
	"MF": {
		"name": "செயின்ட் மார்ட்டீன்"
	},
	"LC": {
		"name": "செயின்ட் லூசியா"
	},
	"VC": {
		"name": "செயின்ட் வின்சென்ட் & கிரெனடைன்ஸ்"
	},
	"SH": {
		"name": "செயின்ட் ஹெலெனா"
	},
	"RS": {
		"name": "செர்பியா"
	},
	"SN": {
		"name": "செனெகல்"
	},
	"CY": {
		"name": "சைப்ரஸ்"
	},
	"SO": {
		"name": "சோமாலியா"
	},
	"TT": {
		"name": "ட்ரினிடாட் & டொபாகோ"
	},
	"TC": {
		"name": "டர்க்ஸ் & கைகோஸ் தீவுகள்"
	},
	"DG": {
		"name": "டியகோ கார்ஷியா"
	},
	"TA": {
		"name": "டிரிஸ்டன் டா குன்ஹா"
	},
	"TN": {
		"name": "டுனிசியா"
	},
	"DK": {
		"name": "டென்மார்க்"
	},
	"DO": {
		"name": "டொமினிகன் குடியரசு"
	},
	"DM": {
		"name": "டொமினிகா"
	},
	"TK": {
		"name": "டோகேலோ"
	},
	"TG": {
		"name": "டோகோ"
	},
	"TO": {
		"name": "டோங்கா"
	},
	"TH": {
		"name": "தாய்லாந்து"
	},
	"TZ": {
		"name": "தான்சானியா"
	},
	"TJ": {
		"name": "தாஜிகிஸ்தான்"
	},
	"TM": {
		"name": "துர்க்மெனிஸ்தான்"
	},
	"TR": {
		"name": "துருக்கி"
	},
	"TV": {
		"name": "துவாலூ"
	},
	"SS": {
		"name": "தெற்கு சூடான்"
	},
	"ZA": {
		"name": "தென் ஆப்பிரிக்கா"
	},
	"KR": {
		"name": "தென் கொரியா"
	},
	"GS": {
		"name": "தென் ஜியார்ஜியா மற்றும் தென் சான்ட்விச் தீவுகள்"
	},
	"TL": {
		"name": "தைமூர்-லெஸ்தே"
	},
	"TW": {
		"name": "தைவான்"
	},
	"NA": {
		"name": "நமீபியா"
	},
	"NF": {
		"name": "நார்ஃபோக் தீவுகள்"
	},
	"NO": {
		"name": "நார்வே"
	},
	"NI": {
		"name": "நிகரகுவா"
	},
	"NU": {
		"name": "நியூ"
	},
	"NC": {
		"name": "நியூ கேலிடோனியா"
	},
	"NZ": {
		"name": "நியூசிலாந்து"
	},
	"NL": {
		"name": "நெதர்லாந்து"
	},
	"NP": {
		"name": "நேபாளம்"
	},
	"NE": {
		"name": "நைஜர்"
	},
	"NG": {
		"name": "நைஜீரியா"
	},
	"NR": {
		"name": "நௌரு"
	},
	"BD": {
		"name": "பங்களாதேஷ்"
	},
	"PG": {
		"name": "பப்புவா நியூ கினியா"
	},
	"PY": {
		"name": "பராகுவே"
	},
	"BG": {
		"name": "பல்கேரியா"
	},
	"PA": {
		"name": "பனாமா"
	},
	"BH": {
		"name": "பஹ்ரைன்"
	},
	"BS": {
		"name": "பஹாமாஸ்"
	},
	"PK": {
		"name": "பாகிஸ்தான்"
	},
	"BB": {
		"name": "பார்படோஸ்"
	},
	"PS": {
		"name": "பாலஸ்தீனிய பிரதேசங்கள்"
	},
	"PW": {
		"name": "பாலோ"
	},
	"PN": {
		"name": "பிட்கெய்ர்ன் தீவுகள்"
	},
	"PR": {
		"name": "பியூர்டோ ரிகோ"
	},
	"FR": {
		"name": "பிரான்ஸ்"
	},
	"IO": {
		"name": "பிரிட்டிஷ் இந்தியப் பெருங்கடல் பிரதேசம்"
	},
	"VG": {
		"name": "பிரிட்டீஷ் கன்னித் தீவுகள்"
	},
	"GF": {
		"name": "பிரெஞ்சு கயானா"
	},
	"TF": {
		"name": "பிரெஞ்சு தெற்கு பிரதேசங்கள்"
	},
	"PF": {
		"name": "பிரெஞ்சு பாலினேஷியா"
	},
	"BR": {
		"name": "பிரேசில்"
	},
	"PH": {
		"name": "பிலிப்பைன்ஸ்"
	},
	"FI": {
		"name": "பின்லாந்து"
	},
	"BF": {
		"name": "புர்கினா ஃபாஸோ"
	},
	"BI": {
		"name": "புருண்டி"
	},
	"BN": {
		"name": "புரூனேய்"
	},
	"BT": {
		"name": "பூடான்"
	},
	"BM": {
		"name": "பெர்முடா"
	},
	"PE": {
		"name": "பெரு"
	},
	"BE": {
		"name": "பெல்ஜியம்"
	},
	"BY": {
		"name": "பெலாரூஸ்"
	},
	"BZ": {
		"name": "பெலிஸ்"
	},
	"BJ": {
		"name": "பெனின்"
	},
	"BO": {
		"name": "பொலிவியா"
	},
	"BW": {
		"name": "போட்ஸ்வானா"
	},
	"PT": {
		"name": "போர்ச்சுக்கல்"
	},
	"PL": {
		"name": "போலந்து"
	},
	"BA": {
		"name": "போஸ்னியா & ஹெர்ஸகோவினா"
	},
	"MO": {
		"name": "மகாவ் எஸ்ஏஆர் சீனா"
	},
	"MN": {
		"name": "மங்கோலியா"
	},
	"MG": {
		"name": "மடகாஸ்கர்"
	},
	"CF": {
		"name": "மத்திய ஆப்ரிக்கக் குடியரசு"
	},
	"YT": {
		"name": "மயோட்"
	},
	"MW": {
		"name": "மலாவி"
	},
	"MY": {
		"name": "மலேசியா"
	},
	"MK": {
		"name": "மாசிடோனியா"
	},
	"MS": {
		"name": "மாண்ட்செராட்"
	},
	"MQ": {
		"name": "மார்டினிக்"
	},
	"MH": {
		"name": "மார்ஷல் தீவுகள்"
	},
	"MT": {
		"name": "மால்டா"
	},
	"MD": {
		"name": "மால்டோவா"
	},
	"MV": {
		"name": "மாலத்தீவு"
	},
	"ML": {
		"name": "மாலி"
	},
	"ME": {
		"name": "மான்டேனெக்ரோ"
	},
	"MM": {
		"name": "மியான்மார் (பர்மா)"
	},
	"MX": {
		"name": "மெக்சிகோ"
	},
	"EH": {
		"name": "மேற்கு சஹாரா"
	},
	"FM": {
		"name": "மைக்ரோனேஷியா"
	},
	"MZ": {
		"name": "மொசாம்பிக்"
	},
	"MA": {
		"name": "மொராக்கோ"
	},
	"MU": {
		"name": "மொரிசியஸ்"
	},
	"MC": {
		"name": "மொனாக்கோ"
	},
	"MR": {
		"name": "மௌரிடானியா"
	},
	"VI": {
		"name": "யூ.எஸ். கன்னித் தீவுகள்"
	},
	"UM": {
		"name": "யூ.எஸ். வெளிப்புற தீவுகள்"
	},
	"RU": {
		"name": "ரஷ்யா"
	},
	"RE": {
		"name": "ரீயூனியன்"
	},
	"RO": {
		"name": "ருமேனியா"
	},
	"RW": {
		"name": "ருவான்டா"
	},
	"LU": {
		"name": "லக்ஸ்சம்பர்க்"
	},
	"LV": {
		"name": "லாட்வியா"
	},
	"LA": {
		"name": "லாவோஸ்"
	},
	"LI": {
		"name": "லிச்செண்ஸ்டெய்ன்"
	},
	"LT": {
		"name": "லிதுவேனியா"
	},
	"LY": {
		"name": "லிபியா"
	},
	"LS": {
		"name": "லெசோதோ"
	},
	"LB": {
		"name": "லெபனான்"
	},
	"LR": {
		"name": "லைபீரியா"
	},
	"KP": {
		"name": "வட கொரியா"
	},
	"MP": {
		"name": "வடக்கு மரியானா தீவுகள்"
	},
	"VU": {
		"name": "வனுவாட்டு"
	},
	"VA": {
		"name": "வாடிகன் நகரம்"
	},
	"WF": {
		"name": "வாலிஸ் மற்றும் ஃபுடுனா"
	},
	"VN": {
		"name": "வியட்நாம்"
	},
	"VE": {
		"name": "வெனிசுலா"
	},
	"JP": {
		"name": "ஜப்பான்"
	},
	"JM": {
		"name": "ஜமைகா"
	},
	"ZM": {
		"name": "ஜாம்பியா"
	},
	"GE": {
		"name": "ஜார்ஜியா"
	},
	"GI": {
		"name": "ஜிப்ரால்டர்"
	},
	"DJ": {
		"name": "ஜிபௌட்டி"
	},
	"ZW": {
		"name": "ஜிம்பாப்வே"
	},
	"JE": {
		"name": "ஜெர்சி"
	},
	"DE": {
		"name": "ஜெர்மனி"
	},
	"JO": {
		"name": "ஜோர்டான்"
	},
	"ES": {
		"name": "ஸ்பெயின்"
	},
	"SK": {
		"name": "ஸ்லோவாகியா"
	},
	"SI": {
		"name": "ஸ்லோவேனியா"
	},
	"SJ": {
		"name": "ஸ்வல்பார்டு & ஜான் மேயன்"
	},
	"SZ": {
		"name": "ஸ்வாஸிலாந்து"
	},
	"CH": {
		"name": "ஸ்விட்சர்லாந்து"
	},
	"SE": {
		"name": "ஸ்வீடன்"
	},
	"HU": {
		"name": "ஹங்கேரி"
	},
	"HK": {
		"name": "ஹாங்காங் எஸ்ஏஆர் சீனா"
	},
	"HT": {
		"name": "ஹைட்டி"
	},
	"HN": {
		"name": "ஹோண்டூராஸ்"
	}
}