{
	"UM": {
		"name": "ABD Uzak Adaları"
	},
	"VI": {
		"name": "ABD Virjin Adaları"
	},
	"AF": {
		"name": "Afganistan"
	},
	"AX": {
		"name": "Åland Adaları"
	},
	"DE": {
		"name": "Almanya"
	},
	"US": {
		"name": "Amerika Birleşik Devletleri"
	},
	"AS": {
		"name": "Amerikan Samoası"
	},
	"AD": {
		"name": "Andorra"
	},
	"AO": {
		"name": "Angola"
	},
	"AI": {
		"name": "Anguilla"
	},
	"AQ": {
		"name": "Antarktika"
	},
	"AG": {
		"name": "Antigua ve Barbuda"
	},
	"AR": {
		"name": "Arjantin"
	},
	"AL": {
		"name": "Arnavutluk"
	},
	"AW": {
		"name": "Aruba"
	},
	"AC": {
		"name": "Ascension Adası"
	},
	"AU": {
		"name": "Avustralya"
	},
	"AT": {
		"name": "Avusturya"
	},
	"AZ": {
		"name": "Azerbaycan"
	},
	"BS": {
		"name": "Bahamalar"
	},
	"BH": {
		"name": "Bahreyn"
	},
	"BD": {
		"name": "Bangladeş"
	},
	"BB": {
		"name": "Barbados"
	},
	"EH": {
		"name": "Batı Sahra"
	},
	"BY": {
		"name": "Belarus"
	},
	"BE": {
		"name": "Belçika"
	},
	"BZ": {
		"name": "Belize"
	},
	"BJ": {
		"name": "Benin"
	},
	"BM": {
		"name": "Bermuda"
	},
	"AE": {
		"name": "Birleşik Arap Emirlikleri"
	},
	"GB": {
		"name": "Birleşik Krallık"
	},
	"BO": {
		"name": "Bolivya"
	},
	"BA": {
		"name": "Bosna-Hersek"
	},
	"BW": {
		"name": "Botsvana"
	},
	"BR": {
		"name": "Brezilya"
	},
	"IO": {
		"name": "Britanya Hint Okyanusu Toprakları"
	},
	"VG": {
		"name": "Britanya Virjin Adaları"
	},
	"BN": {
		"name": "Brunei"
	},
	"BG": {
		"name": "Bulgaristan"
	},
	"BF": {
		"name": "Burkina Faso"
	},
	"BI": {
		"name": "Burundi"
	},
	"BT": {
		"name": "Butan"
	},
	"CV": {
		"name": "Cape Verde"
	},
	"KY": {
		"name": "Cayman Adaları"
	},
	"GI": {
		"name": "Cebelitarık"
	},
	"DZ": {
		"name": "Cezayir"
	},
	"CX": {
		"name": "Christmas Adası"
	},
	"DJ": {
		"name": "Cibuti"
	},
	"CC": {
		"name": "Cocos (Keeling) Adaları"
	},
	"CK": {
		"name": "Cook Adaları"
	},
	"CW": {
		"name": "Curaçao"
	},
	"TD": {
		"name": "Çad"
	},
	"CZ": {
		"name": "Çek Cumhuriyeti"
	},
	"CN": {
		"name": "Çin"
	},
	"HK": {
		"name": "Çin Hong Kong ÖİB"
	},
	"MO": {
		"name": "Çin Makao ÖİB"
	},
	"DK": {
		"name": "Danimarka"
	},
	"DG": {
		"name": "Diego Garcia"
	},
	"DO": {
		"name": "Dominik Cumhuriyeti"
	},
	"DM": {
		"name": "Dominika"
	},
	"EC": {
		"name": "Ekvador"
	},
	"GQ": {
		"name": "Ekvator Ginesi"
	},
	"SV": {
		"name": "El Salvador"
	},
	"ID": {
		"name": "Endonezya"
	},
	"ER": {
		"name": "Eritre"
	},
	"AM": {
		"name": "Ermenistan"
	},
	"EE": {
		"name": "Estonya"
	},
	"ET": {
		"name": "Etiyopya"
	},
	"FK": {
		"name": "Falkland Adaları"
	},
	"FO": {
		"name": "Faroe Adaları"
	},
	"MA": {
		"name": "Fas"
	},
	"FJ": {
		"name": "Fiji"
	},
	"CI": {
		"name": "Fildişi Sahili"
	},
	"PH": {
		"name": "Filipinler"
	},
	"PS": {
		"name": "Filistin Bölgeleri"
	},
	"FI": {
		"name": "Finlandiya"
	},
	"FR": {
		"name": "Fransa"
	},
	"GF": {
		"name": "Fransız Guyanası"
	},
	"TF": {
		"name": "Fransız Güney Toprakları"
	},
	"PF": {
		"name": "Fransız Polinezyası"
	},
	"GA": {
		"name": "Gabon"
	},
	"GM": {
		"name": "Gambiya"
	},
	"GH": {
		"name": "Gana"
	},
	"GN": {
		"name": "Gine"
	},
	"GW": {
		"name": "Gine-Bissau"
	},
	"GD": {
		"name": "Grenada"
	},
	"GL": {
		"name": "Grönland"
	},
	"GP": {
		"name": "Guadalupe"
	},
	"GU": {
		"name": "Guam"
	},
	"GT": {
		"name": "Guatemala"
	},
	"GG": {
		"name": "Guernsey"
	},
	"GY": {
		"name": "Guyana"
	},
	"ZA": {
		"name": "Güney Afrika"
	},
	"GS": {
		"name": "Güney Georgia ve Güney Sandwich Adaları"
	},
	"KR": {
		"name": "Güney Kore"
	},
	"SS": {
		"name": "Güney Sudan"
	},
	"GE": {
		"name": "Gürcistan"
	},
	"HT": {
		"name": "Haiti"
	},
	"HR": {
		"name": "Hırvatistan"
	},
	"IN": {
		"name": "Hindistan"
	},
	"NL": {
		"name": "Hollanda"
	},
	"HN": {
		"name": "Honduras"
	},
	"IQ": {
		"name": "Irak"
	},
	"IR": {
		"name": "İran"
	},
	"IE": {
		"name": "İrlanda"
	},
	"ES": {
		"name": "İspanya"
	},
	"IL": {
		"name": "İsrail"
	},
	"SE": {
		"name": "İsveç"
	},
	"CH": {
		"name": "İsviçre"
	},
	"IT": {
		"name": "İtalya"
	},
	"IS": {
		"name": "İzlanda"
	},
	"JM": {
		"name": "Jamaika"
	},
	"JP": {
		"name": "Japonya"
	},
	"JE": {
		"name": "Jersey"
	},
	"KH": {
		"name": "Kamboçya"
	},
	"CM": {
		"name": "Kamerun"
	},
	"CA": {
		"name": "Kanada"
	},
	"IC": {
		"name": "Kanarya Adaları"
	},
	"ME": {
		"name": "Karadağ"
	},
	"BQ": {
		"name": "Karayip Hollanda"
	},
	"QA": {
		"name": "Katar"
	},
	"KZ": {
		"name": "Kazakistan"
	},
	"KE": {
		"name": "Kenya"
	},
	"CY": {
		"name": "Kıbrıs"
	},
	"KG": {
		"name": "Kırgızistan"
	},
	"KI": {
		"name": "Kiribati"
	},
	"CO": {
		"name": "Kolombiya"
	},
	"KM": {
		"name": "Komorlar"
	},
	"CG": {
		"name": "Kongo - Brazavil"
	},
	"CD": {
		"name": "Kongo - Kinşasa"
	},
	"XK": {
		"name": "Kosova"
	},
	"CR": {
		"name": "Kosta Rika"
	},
	"KW": {
		"name": "Kuveyt"
	},
	"KP": {
		"name": "Kuzey Kore"
	},
	"MP": {
		"name": "Kuzey Mariana Adaları"
	},
	"CU": {
		"name": "Küba"
	},
	"LA": {
		"name": "Laos"
	},
	"LS": {
		"name": "Lesotho"
	},
	"LV": {
		"name": "Letonya"
	},
	"LR": {
		"name": "Liberya"
	},
	"LY": {
		"name": "Libya"
	},
	"LI": {
		"name": "Liechtenstein"
	},
	"LT": {
		"name": "Litvanya"
	},
	"LB": {
		"name": "Lübnan"
	},
	"LU": {
		"name": "Lüksemburg"
	},
	"HU": {
		"name": "Macaristan"
	},
	"MG": {
		"name": "Madagaskar"
	},
	"MK": {
		"name": "Makedonya"
	},
	"MW": {
		"name": "Malavi"
	},
	"MV": {
		"name": "Maldivler"
	},
	"MY": {
		"name": "Malezya"
	},
	"ML": {
		"name": "Mali"
	},
	"MT": {
		"name": "Malta"
	},
	"IM": {
		"name": "Man Adası"
	},
	"MH": {
		"name": "Marshall Adaları"
	},
	"MQ": {
		"name": "Martinik"
	},
	"MU": {
		"name": "Mauritius"
	},
	"YT": {
		"name": "Mayotte"
	},
	"MX": {
		"name": "Meksika"
	},
	"EG": {
		"name": "Mısır"
	},
	"FM": {
		"name": "Mikronezya"
	},
	"MN": {
		"name": "Moğolistan"
	},
	"MD": {
		"name": "Moldova"
	},
	"MC": {
		"name": "Monako"
	},
	"MS": {
		"name": "Montserrat"
	},
	"MR": {
		"name": "Moritanya"
	},
	"MZ": {
		"name": "Mozambik"
	},
	"MM": {
		"name": "Myanmar (Burma)"
	},
	"NA": {
		"name": "Namibya"
	},
	"NR": {
		"name": "Nauru"
	},
	"NP": {
		"name": "Nepal"
	},
	"NE": {
		"name": "Nijer"
	},
	"NG": {
		"name": "Nijerya"
	},
	"NI": {
		"name": "Nikaragua"
	},
	"NU": {
		"name": "Niue"
	},
	"NF": {
		"name": "Norfolk Adası"
	},
	"NO": {
		"name": "Norveç"
	},
	"CF": {
		"name": "Orta Afrika Cumhuriyeti"
	},
	"UZ": {
		"name": "Özbekistan"
	},
	"PK": {
		"name": "Pakistan"
	},
	"PW": {
		"name": "Palau"
	},
	"PA": {
		"name": "Panama"
	},
	"PG": {
		"name": "Papua Yeni Gine"
	},
	"PY": {
		"name": "Paraguay"
	},
	"PE": {
		"name": "Peru"
	},
	"PN": {
		"name": "Pitcairn Adaları"
	},
	"PL": {
		"name": "Polonya"
	},
	"PT": {
		"name": "Portekiz"
	},
	"PR": {
		"name": "Porto Riko"
	},
	"RE": {
		"name": "Réunion"
	},
	"RO": {
		"name": "Romanya"
	},
	"RW": {
		"name": "Ruanda"
	},
	"RU": {
		"name": "Rusya"
	},
	"BL": {
		"name": "Saint Barthelemy"
	},
	"SH": {
		"name": "Saint Helena"
	},
	"KN": {
		"name": "Saint Kitts ve Nevis"
	},
	"LC": {
		"name": "Saint Lucia"
	},
	"MF": {
		"name": "Saint Martin"
	},
	"PM": {
		"name": "Saint Pierre ve Miquelon"
	},
	"VC": {
		"name": "Saint Vincent ve Grenadinler"
	},
	"WS": {
		"name": "Samoa"
	},
	"SM": {
		"name": "San Marino"
	},
	"ST": {
		"name": "São Tomé ve Príncipe"
	},
	"SN": {
		"name": "Senegal"
	},
	"EA": {
		"name": "Septe ve Melilla"
	},
	"SC": {
		"name": "Seyşeller"
	},
	"RS": {
		"name": "Sırbistan"
	},
	"SL": {
		"name": "Sierra Leone"
	},
	"SG": {
		"name": "Singapur"
	},
	"SX": {
		"name": "Sint Maarten"
	},
	"SK": {
		"name": "Slovakya"
	},
	"SI": {
		"name": "Slovenya"
	},
	"SB": {
		"name": "Solomon Adaları"
	},
	"SO": {
		"name": "Somali"
	},
	"LK": {
		"name": "Sri Lanka"
	},
	"SD": {
		"name": "Sudan"
	},
	"SR": {
		"name": "Surinam"
	},
	"SY": {
		"name": "Suriye"
	},
	"SA": {
		"name": "Suudi Arabistan"
	},
	"SJ": {
		"name": "Svalbard ve Jan Mayen"
	},
	"SZ": {
		"name": "Svaziland"
	},
	"CL": {
		"name": "Şili"
	},
	"TJ": {
		"name": "Tacikistan"
	},
	"TZ": {
		"name": "Tanzanya"
	},
	"TH": {
		"name": "Tayland"
	},
	"TW": {
		"name": "Tayvan"
	},
	"TL": {
		"name": "Timor-Leste"
	},
	"TG": {
		"name": "Togo"
	},
	"TK": {
		"name": "Tokelau"
	},
	"TO": {
		"name": "Tonga"
	},
	"TT": {
		"name": "Trinidad ve Tobago"
	},
	"TA": {
		"name": "Tristan da Cunha"
	},
	"TN": {
		"name": "Tunus"
	},
	"TC": {
		"name": "Turks ve Caicos Adaları"
	},
	"TV": {
		"name": "Tuvalu"
	},
	"TR": {
		"name": "Türkiye"
	},
	"TM": {
		"name": "Türkmenistan"
	},
	"UG": {
		"name": "Uganda"
	},
	"UA": {
		"name": "Ukrayna"
	},
	"OM": {
		"name": "Umman"
	},
	"UY": {
		"name": "Uruguay"
	},
	"JO": {
		"name": "Ürdün"
	},
	"VU": {
		"name": "Vanuatu"
	},
	"VA": {
		"name": "Vatikan"
	},
	"VE": {
		"name": "Venezuela"
	},
	"VN": {
		"name": "Vietnam"
	},
	"WF": {
		"name": "Wallis ve Futuna"
	},
	"YE": {
		"name": "Yemen"
	},
	"NC": {
		"name": "Yeni Kaledonya"
	},
	"NZ": {
		"name": "Yeni Zelanda"
	},
	"GR": {
		"name": "Yunanistan"
	},
	"ZM": {
		"name": "Zambiya"
	},
	"ZW": {
		"name": "Zimbabve"
	}
}