{
	"AU": {
		"name": "Австралія"
	},
	"AT": {
		"name": "Австрія"
	},
	"AZ": {
		"name": "Азербайджан"
	},
	"AX": {
		"name": "Аландські острови"
	},
	"AL": {
		"name": "Албанія"
	},
	"DZ": {
		"name": "Алжир"
	},
	"AS": {
		"name": "Американське Самоа"
	},
	"AI": {
		"name": "Ангілья"
	},
	"AO": {
		"name": "Ангола"
	},
	"AD": {
		"name": "Андорра"
	},
	"AQ": {
		"name": "Антарктика"
	},
	"AG": {
		"name": "Антигуа і Барбуда"
	},
	"AR": {
		"name": "Аргентина"
	},
	"AW": {
		"name": "Аруба"
	},
	"AF": {
		"name": "Афганістан"
	},
	"BS": {
		"name": "Багамські Острови"
	},
	"BD": {
		"name": "Бангладеш"
	},
	"BB": {
		"name": "Барбадос"
	},
	"BH": {
		"name": "Бахрейн"
	},
	"BZ": {
		"name": "Беліз"
	},
	"BE": {
		"name": "Бельгія"
	},
	"BJ": {
		"name": "Бенін"
	},
	"BM": {
		"name": "Бермудські острови"
	},
	"BY": {
		"name": "Білорусь"
	},
	"BG": {
		"name": "Болгарія"
	},
	"BO": {
		"name": "Болівія"
	},
	"BA": {
		"name": "Боснія і Герцоговина"
	},
	"BW": {
		"name": "Ботсвана"
	},
	"BR": {
		"name": "Бразилія"
	},
	"VG": {
		"name": "Британські Віргінські острови"
	},
	"IO": {
		"name": "Британські території в Індійському океані"
	},
	"BN": {
		"name": "Бруней"
	},
	"BF": {
		"name": "Буркіна-Фасо"
	},
	"BI": {
		"name": "Бурунді"
	},
	"BT": {
		"name": "Бутан"
	},
	"VU": {
		"name": "Вануату"
	},
	"VA": {
		"name": "Ватикан"
	},
	"GB": {
		"name": "Велика Британія"
	},
	"VE": {
		"name": "Венесуела"
	},
	"UM": {
		"name": "Віддалені острови США"
	},
	"VI": {
		"name": "Віргінські острови, США"
	},
	"AM": {
		"name": "Вірменія"
	},
	"WF": {
		"name": "Волліс і Футуна"
	},
	"VN": {
		"name": "Вʼєтнам"
	},
	"GA": {
		"name": "Габон"
	},
	"HT": {
		"name": "Гаїті"
	},
	"GM": {
		"name": "Гамбія"
	},
	"GH": {
		"name": "Гана"
	},
	"GY": {
		"name": "Гаяна"
	},
	"GP": {
		"name": "Гваделупа"
	},
	"GT": {
		"name": "Гватемала"
	},
	"GN": {
		"name": "Гвінея"
	},
	"GW": {
		"name": "Гвінея-Бісау"
	},
	"GG": {
		"name": "Гернсі"
	},
	"GI": {
		"name": "Гібралтар"
	},
	"HN": {
		"name": "Гондурас"
	},
	"HK": {
		"name": "Гонконг, О.А.Р. Китаю"
	},
	"GD": {
		"name": "Гренада"
	},
	"GL": {
		"name": "Гренландія"
	},
	"GR": {
		"name": "Греція"
	},
	"GE": {
		"name": "Грузія"
	},
	"GU": {
		"name": "Гуам"
	},
	"DK": {
		"name": "Данія"
	},
	"JE": {
		"name": "Джерсі"
	},
	"DJ": {
		"name": "Джибуті"
	},
	"DG": {
		"name": "Дієго-Гарсія"
	},
	"DM": {
		"name": "Домініка"
	},
	"DO": {
		"name": "Домініканська Республіка"
	},
	"EC": {
		"name": "Еквадор"
	},
	"GQ": {
		"name": "Екваторіальна Гвінея"
	},
	"ER": {
		"name": "Еритрея"
	},
	"EE": {
		"name": "Естонія"
	},
	"ET": {
		"name": "Ефіопія"
	},
	"EG": {
		"name": "Єгипет"
	},
	"YE": {
		"name": "Ємен"
	},
	"ZM": {
		"name": "Замбія"
	},
	"EH": {
		"name": "Західна Сахара"
	},
	"ZW": {
		"name": "Зімбабве"
	},
	"IL": {
		"name": "Ізраїль"
	},
	"IN": {
		"name": "Індія"
	},
	"ID": {
		"name": "Індонезія"
	},
	"IQ": {
		"name": "Ірак"
	},
	"IR": {
		"name": "Іран"
	},
	"IE": {
		"name": "Ірландія"
	},
	"IS": {
		"name": "Ісландія"
	},
	"ES": {
		"name": "Іспанія"
	},
	"IT": {
		"name": "Італія"
	},
	"JO": {
		"name": "Йорданія"
	},
	"CV": {
		"name": "Кабо-Верде"
	},
	"KZ": {
		"name": "Казахстан"
	},
	"KY": {
		"name": "Кайманові острови"
	},
	"KH": {
		"name": "Камбоджа"
	},
	"CM": {
		"name": "Камерун"
	},
	"CA": {
		"name": "Канада"
	},
	"IC": {
		"name": "Канарські острови"
	},
	"QA": {
		"name": "Катар"
	},
	"KE": {
		"name": "Кенія"
	},
	"KG": {
		"name": "Киргизстан"
	},
	"CN": {
		"name": "Китай"
	},
	"CY": {
		"name": "Кіпр"
	},
	"KI": {
		"name": "Кірибаті"
	},
	"CC": {
		"name": "Кокосові (Кілінгові) острови"
	},
	"CO": {
		"name": "Колумбія"
	},
	"KM": {
		"name": "Коморські острови"
	},
	"CG": {
		"name": "Конго – Браззавіль"
	},
	"CD": {
		"name": "Конго – Кіншаса"
	},
	"XK": {
		"name": "Косово"
	},
	"CR": {
		"name": "Коста-Рика"
	},
	"CI": {
		"name": "Кот-д’Івуар"
	},
	"CU": {
		"name": "Куба"
	},
	"KW": {
		"name": "Кувейт"
	},
	"CW": {
		"name": "Кюрасао"
	},
	"LA": {
		"name": "Лаос"
	},
	"LV": {
		"name": "Латвія"
	},
	"LS": {
		"name": "Лесото"
	},
	"LT": {
		"name": "Литва"
	},
	"LR": {
		"name": "Ліберія"
	},
	"LB": {
		"name": "Ліван"
	},
	"LY": {
		"name": "Лівія"
	},
	"LI": {
		"name": "Ліхтенштейн"
	},
	"LU": {
		"name": "Люксембург"
	},
	"MU": {
		"name": "Маврикій"
	},
	"MR": {
		"name": "Мавританія"
	},
	"MG": {
		"name": "Мадагаскар"
	},
	"YT": {
		"name": "Майотта"
	},
	"MO": {
		"name": "Макао, О.А.Р Китаю"
	},
	"MK": {
		"name": "Македонія"
	},
	"MW": {
		"name": "Малаві"
	},
	"MY": {
		"name": "Малайзія"
	},
	"ML": {
		"name": "Малі"
	},
	"MV": {
		"name": "Мальдіви"
	},
	"MT": {
		"name": "Мальта"
	},
	"MA": {
		"name": "Марокко"
	},
	"MQ": {
		"name": "Мартиніка"
	},
	"MH": {
		"name": "Маршаллові Острови"
	},
	"MX": {
		"name": "Мексика"
	},
	"FM": {
		"name": "Мікронезія"
	},
	"MZ": {
		"name": "Мозамбік"
	},
	"MD": {
		"name": "Молдова"
	},
	"MC": {
		"name": "Монако"
	},
	"MN": {
		"name": "Монголія"
	},
	"MS": {
		"name": "Монтсеррат"
	},
	"MM": {
		"name": "Мʼянма (Бірма)"
	},
	"NA": {
		"name": "Намібія"
	},
	"NR": {
		"name": "Науру"
	},
	"NP": {
		"name": "Непал"
	},
	"NE": {
		"name": "Нігер"
	},
	"NG": {
		"name": "Нігерія"
	},
	"NL": {
		"name": "Нідерланди"
	},
	"BQ": {
		"name": "Нідерландські Карибські острови"
	},
	"NI": {
		"name": "Нікарагуа"
	},
	"DE": {
		"name": "Німеччина"
	},
	"NU": {
		"name": "Ніуе"
	},
	"NZ": {
		"name": "Нова Зеландія"
	},
	"NC": {
		"name": "Нова Каледонія"
	},
	"NO": {
		"name": "Норвегія"
	},
	"AE": {
		"name": "Обʼєднані Арабські Емірати"
	},
	"OM": {
		"name": "Оман"
	},
	"AC": {
		"name": "Острів Вознесіння"
	},
	"IM": {
		"name": "Острів Мен"
	},
	"NF": {
		"name": "Острів Норфолк"
	},
	"CX": {
		"name": "Острів Різдва"
	},
	"SH": {
		"name": "Острів Святої Єлени"
	},
	"CK": {
		"name": "Острови Кука"
	},
	"PN": {
		"name": "Острови Піткерн"
	},
	"SJ": {
		"name": "Острови Свальбард і Ян-Маєн"
	},
	"TC": {
		"name": "Острови Теркс і Кайкос"
	},
	"PK": {
		"name": "Пакистан"
	},
	"PW": {
		"name": "Палау"
	},
	"PS": {
		"name": "Палестинські території"
	},
	"PA": {
		"name": "Панама"
	},
	"PG": {
		"name": "Папуа Нова Гвінея"
	},
	"PY": {
		"name": "Парагвай"
	},
	"PE": {
		"name": "Перу"
	},
	"GS": {
		"name": "Південна Джорджія та Південні Сандвічеві острови"
	},
	"KR": {
		"name": "Південна Корея"
	},
	"SS": {
		"name": "Південний Судан"
	},
	"ZA": {
		"name": "Південно-Африканська Республіка"
	},
	"KP": {
		"name": "Північна Корея"
	},
	"MP": {
		"name": "Північні Маріанські Острови"
	},
	"PL": {
		"name": "Польща"
	},
	"PT": {
		"name": "Португалія"
	},
	"PR": {
		"name": "Пуерто-Рико"
	},
	"RE": {
		"name": "Реюньйон"
	},
	"RU": {
		"name": "Росія"
	},
	"RW": {
		"name": "Руанда"
	},
	"RO": {
		"name": "Румунія"
	},
	"SV": {
		"name": "Сальвадор"
	},
	"WS": {
		"name": "Самоа"
	},
	"SM": {
		"name": "Сан-Марино"
	},
	"ST": {
		"name": "Сан-Томе і Прінсіпі"
	},
	"SA": {
		"name": "Саудівська Аравія"
	},
	"SZ": {
		"name": "Свазіленд"
	},
	"SC": {
		"name": "Сейшельські Острови"
	},
	"BL": {
		"name": "Сен-Бартельмі"
	},
	"MF": {
		"name": "Сен-Мартен"
	},
	"PM": {
		"name": "Сен-Пʼєр і Мікелон"
	},
	"SN": {
		"name": "Сенегал"
	},
	"VC": {
		"name": "Сент-Вінсент і Гренадини"
	},
	"KN": {
		"name": "Сент-Кітс і Невіс"
	},
	"LC": {
		"name": "Сент-Люсія"
	},
	"RS": {
		"name": "Сербія"
	},
	"EA": {
		"name": "Сеута і Мелілья"
	},
	"SY": {
		"name": "Сирія"
	},
	"SG": {
		"name": "Сінгапур"
	},
	"SX": {
		"name": "Сінт-Мартен"
	},
	"SK": {
		"name": "Словаччина"
	},
	"SI": {
		"name": "Словенія"
	},
	"SB": {
		"name": "Соломонові Острови"
	},
	"SO": {
		"name": "Сомалі"
	},
	"SD": {
		"name": "Судан"
	},
	"SR": {
		"name": "Суринам"
	},
	"US": {
		"name": "США"
	},
	"SL": {
		"name": "Сьєрра-Леоне"
	},
	"TJ": {
		"name": "Таджикистан"
	},
	"TH": {
		"name": "Таїланд"
	},
	"TW": {
		"name": "Тайвань"
	},
	"TZ": {
		"name": "Танзанія"
	},
	"TL": {
		"name": "Тимор-Лешті"
	},
	"TG": {
		"name": "Того"
	},
	"TK": {
		"name": "Токелау"
	},
	"TO": {
		"name": "Тонга"
	},
	"TT": {
		"name": "Тринідад і Тобаго"
	},
	"TA": {
		"name": "Трістан-да-Кунья"
	},
	"TV": {
		"name": "Тувалу"
	},
	"TN": {
		"name": "Туніс"
	},
	"TR": {
		"name": "Туреччина"
	},
	"TM": {
		"name": "Туркменістан"
	},
	"UG": {
		"name": "Уганда"
	},
	"HU": {
		"name": "Угорщина"
	},
	"UZ": {
		"name": "Узбекистан"
	},
	"UA": {
		"name": "Україна"
	},
	"UY": {
		"name": "Уругвай"
	},
	"FO": {
		"name": "Фарерські Острови"
	},
	"FJ": {
		"name": "Фіджі"
	},
	"PH": {
		"name": "Філіппіни"
	},
	"FI": {
		"name": "Фінляндія"
	},
	"FK": {
		"name": "Фолклендські острови"
	},
	"FR": {
		"name": "Франція"
	},
	"GF": {
		"name": "Французька Гвіана"
	},
	"PF": {
		"name": "Французька Полінезія"
	},
	"TF": {
		"name": "Французькі Південні Території"
	},
	"HR": {
		"name": "Хорватія"
	},
	"CF": {
		"name": "Центральноафриканська Республіка"
	},
	"TD": {
		"name": "Чад"
	},
	"CZ": {
		"name": "Чеська Республіка"
	},
	"CL": {
		"name": "Чилі"
	},
	"ME": {
		"name": "Чорногорія"
	},
	"CH": {
		"name": "Швейцарія"
	},
	"SE": {
		"name": "Швеція"
	},
	"LK": {
		"name": "Шрі-Ланка"
	},
	"JM": {
		"name": "Ямайка"
	},
	"JP": {
		"name": "Японія"
	}
}