{
	"AF": {
		"name": "Afgʻoniston"
	},
	"AX": {
		"name": "Aland orollari"
	},
	"AL": {
		"name": "Albaniya"
	},
	"US": {
		"name": "Amerika Qo‘shma Shtatlari"
	},
	"AS": {
		"name": "Amerika Samoasi"
	},
	"AD": {
		"name": "Andorra"
	},
	"AI": {
		"name": "Angilya"
	},
	"AO": {
		"name": "Angola"
	},
	"AQ": {
		"name": "Antarktida"
	},
	"AG": {
		"name": "Antigua va Barbuda"
	},
	"VI": {
		"name": "AQSH Virgin orollari"
	},
	"UM": {
		"name": "AQSH yondosh orollari"
	},
	"AR": {
		"name": "Argentina"
	},
	"AM": {
		"name": "Armaniston"
	},
	"AW": {
		"name": "Aruba"
	},
	"AU": {
		"name": "Avstraliya"
	},
	"AT": {
		"name": "Avstriya"
	},
	"BS": {
		"name": "Bagama orollari"
	},
	"BH": {
		"name": "Bahrayn"
	},
	"BD": {
		"name": "Bangladesh"
	},
	"BB": {
		"name": "Barbados"
	},
	"BY": {
		"name": "Belarus"
	},
	"BE": {
		"name": "Belgiya"
	},
	"BZ": {
		"name": "Beliz"
	},
	"BJ": {
		"name": "Benin"
	},
	"BM": {
		"name": "Bermuda orollari"
	},
	"AE": {
		"name": "Birlashgan Arab Amirliklari"
	},
	"BG": {
		"name": "Bolgariya"
	},
	"BO": {
		"name": "Boliviya"
	},
	"BQ": {
		"name": "Boneyr, Sint-Estatius va Saba"
	},
	"BA": {
		"name": "Bosniya va Gertsegovina"
	},
	"BW": {
		"name": "Botsvana"
	},
	"BR": {
		"name": "Braziliya"
	},
	"VG": {
		"name": "Britaniya Virgin orollari"
	},
	"IO": {
		"name": "Britaniyaning Hind okeanidagi hududi"
	},
	"BN": {
		"name": "Bruney"
	},
	"BF": {
		"name": "Burkina-Faso"
	},
	"BI": {
		"name": "Burundi"
	},
	"BT": {
		"name": "Butan"
	},
	"GB": {
		"name": "Buyuk Britaniya"
	},
	"TD": {
		"name": "Chad"
	},
	"ME": {
		"name": "Chernogoriya"
	},
	"CZ": {
		"name": "Chexiya Respublikasi"
	},
	"CL": {
		"name": "Chili"
	},
	"DK": {
		"name": "Daniya"
	},
	"DG": {
		"name": "Diyego-Garsiya"
	},
	"DM": {
		"name": "Dominika"
	},
	"DO": {
		"name": "Dominikan Respublikasi"
	},
	"ET": {
		"name": "Efiopiya"
	},
	"EC": {
		"name": "Ekvador"
	},
	"GQ": {
		"name": "Ekvatorial Gvineya"
	},
	"ER": {
		"name": "Eritreya"
	},
	"IR": {
		"name": "Eron"
	},
	"EE": {
		"name": "Estoniya"
	},
	"PS": {
		"name": "Falastin hududi"
	},
	"FO": {
		"name": "Farer orollari"
	},
	"FJ": {
		"name": "Fiji"
	},
	"PH": {
		"name": "Filippin"
	},
	"FI": {
		"name": "Finlandiya"
	},
	"FK": {
		"name": "Folklend orollari"
	},
	"FR": {
		"name": "Fransiya"
	},
	"GF": {
		"name": "Fransuz Gvianasi"
	},
	"TF": {
		"name": "Fransuz Janubiy hududlari"
	},
	"PF": {
		"name": "Fransuz Polineziyasi"
	},
	"EH": {
		"name": "G‘arbiy Sahroi Kabir"
	},
	"GA": {
		"name": "Gabon"
	},
	"HT": {
		"name": "Gaiti"
	},
	"GM": {
		"name": "Gambiya"
	},
	"GH": {
		"name": "Gana"
	},
	"GY": {
		"name": "Gayana"
	},
	"DE": {
		"name": "Germaniya"
	},
	"GG": {
		"name": "Gernsi"
	},
	"GI": {
		"name": "Gibraltar"
	},
	"HN": {
		"name": "Gonduras"
	},
	"HK": {
		"name": "Gonkong (Xitoy MMH)"
	},
	"GD": {
		"name": "Grenada"
	},
	"GL": {
		"name": "Grenlandiya"
	},
	"GR": {
		"name": "Gretsiya"
	},
	"GE": {
		"name": "Gruziya"
	},
	"GU": {
		"name": "Guam"
	},
	"GP": {
		"name": "Gvadelupe"
	},
	"GT": {
		"name": "Gvatemala"
	},
	"GN": {
		"name": "Gvineya"
	},
	"GW": {
		"name": "Gvineya-Bisau"
	},
	"IN": {
		"name": "Hindiston"
	},
	"ID": {
		"name": "Indoneziya"
	},
	"JO": {
		"name": "Iordaniya"
	},
	"IE": {
		"name": "Irlandiya"
	},
	"IQ": {
		"name": "Iroq"
	},
	"IS": {
		"name": "Islandiya"
	},
	"ES": {
		"name": "Ispaniya"
	},
	"IL": {
		"name": "Isroil"
	},
	"IT": {
		"name": "Italiya"
	},
	"ZA": {
		"name": "Janubiy Afrika Respublikasi"
	},
	"GS": {
		"name": "Janubiy Georgiya va Janubiy Sendvich orollari"
	},
	"KR": {
		"name": "Janubiy Koreya"
	},
	"SS": {
		"name": "Janubiy Sudan"
	},
	"DZ": {
		"name": "Jazoir"
	},
	"JE": {
		"name": "Jersi"
	},
	"DJ": {
		"name": "Jibuti"
	},
	"CV": {
		"name": "Kabo-Verde"
	},
	"KH": {
		"name": "Kambodja"
	},
	"CM": {
		"name": "Kamerun"
	},
	"CA": {
		"name": "Kanada"
	},
	"IC": {
		"name": "Kanar orollari"
	},
	"KY": {
		"name": "Kayman orollari"
	},
	"KE": {
		"name": "Keniya"
	},
	"CY": {
		"name": "Kipr"
	},
	"KI": {
		"name": "Kiribati"
	},
	"CC": {
		"name": "Kokos (Kiling) orollari"
	},
	"CO": {
		"name": "Kolumbiya"
	},
	"KM": {
		"name": "Komor orollari"
	},
	"CG": {
		"name": "Kongo – Brazzavil"
	},
	"CD": {
		"name": "Kongo – Kinshasa"
	},
	"XK": {
		"name": "Kosovo"
	},
	"CR": {
		"name": "Kosta-Rika"
	},
	"CI": {
		"name": "Kot-d’Ivuar"
	},
	"CU": {
		"name": "Kuba"
	},
	"CK": {
		"name": "Kuk orollari"
	},
	"CW": {
		"name": "Kyurasao"
	},
	"LA": {
		"name": "Laos"
	},
	"LV": {
		"name": "Latviya"
	},
	"LS": {
		"name": "Lesoto"
	},
	"LR": {
		"name": "Liberiya"
	},
	"LT": {
		"name": "Litva"
	},
	"LB": {
		"name": "Livan"
	},
	"LY": {
		"name": "Liviya"
	},
	"LI": {
		"name": "Lixtenshteyn"
	},
	"LU": {
		"name": "Lyuksemburg"
	},
	"MG": {
		"name": "Madagaskar"
	},
	"MO": {
		"name": "Makao (Xitoy MMH)"
	},
	"MK": {
		"name": "Makedoniya"
	},
	"MW": {
		"name": "Malavi"
	},
	"MY": {
		"name": "Malayziya"
	},
	"MV": {
		"name": "Maldiv orollari"
	},
	"ML": {
		"name": "Mali"
	},
	"MT": {
		"name": "Malta"
	},
	"CF": {
		"name": "Markaziy Afrika Respublikasi"
	},
	"MA": {
		"name": "Marokash"
	},
	"MH": {
		"name": "Marshall orollari"
	},
	"MQ": {
		"name": "Martinika"
	},
	"MU": {
		"name": "Mavrikiy"
	},
	"MR": {
		"name": "Mavritaniya"
	},
	"YT": {
		"name": "Mayotta"
	},
	"AC": {
		"name": "Me’roj oroli"
	},
	"MX": {
		"name": "Meksika"
	},
	"IM": {
		"name": "Men oroli"
	},
	"FM": {
		"name": "Mikroneziya"
	},
	"EG": {
		"name": "Misr"
	},
	"MD": {
		"name": "Moldova"
	},
	"MC": {
		"name": "Monako"
	},
	"MN": {
		"name": "Mongoliya"
	},
	"MS": {
		"name": "Montserrat"
	},
	"MZ": {
		"name": "Mozambik"
	},
	"SH": {
		"name": "Muqaddas Yelena oroli"
	},
	"MM": {
		"name": "Myanma (Birma)"
	},
	"NA": {
		"name": "Namibiya"
	},
	"NR": {
		"name": "Nauru"
	},
	"NP": {
		"name": "Nepal"
	},
	"NL": {
		"name": "Niderlandiya"
	},
	"NE": {
		"name": "Niger"
	},
	"NG": {
		"name": "Nigeriya"
	},
	"NI": {
		"name": "Nikaragua"
	},
	"NU": {
		"name": "Niue"
	},
	"NF": {
		"name": "Norfolk oroli"
	},
	"NO": {
		"name": "Norvegiya"
	},
	"UZ": {
		"name": "Oʻzbekiston"
	},
	"AZ": {
		"name": "Ozarbayjon"
	},
	"PW": {
		"name": "Palau"
	},
	"PA": {
		"name": "Panama"
	},
	"PG": {
		"name": "Papua – Yangi Gvineya"
	},
	"PY": {
		"name": "Paragvay"
	},
	"PE": {
		"name": "Peru"
	},
	"PN": {
		"name": "Pitkern orollari"
	},
	"PK": {
		"name": "Pokiston"
	},
	"PL": {
		"name": "Polsha"
	},
	"PT": {
		"name": "Portugaliya"
	},
	"PR": {
		"name": "Puerto-Riko"
	},
	"QA": {
		"name": "Qatar"
	},
	"KG": {
		"name": "Qirgʻiziston"
	},
	"KZ": {
		"name": "Qozogʻiston"
	},
	"KW": {
		"name": "Quvayt"
	},
	"RE": {
		"name": "Reyunion"
	},
	"CX": {
		"name": "Rojdestvo oroli"
	},
	"RU": {
		"name": "Rossiya"
	},
	"RW": {
		"name": "Ruanda"
	},
	"RO": {
		"name": "Ruminiya"
	},
	"SV": {
		"name": "Salvador"
	},
	"WS": {
		"name": "Samoa"
	},
	"SM": {
		"name": "San-Marino"
	},
	"ST": {
		"name": "San-Tome va Prinsipi"
	},
	"SA": {
		"name": "Saudiya Arabistoni"
	},
	"BL": {
		"name": "Sen-Bartelemi"
	},
	"PM": {
		"name": "Sen-Pyer va Mikelon"
	},
	"SN": {
		"name": "Senegal"
	},
	"KN": {
		"name": "Sent-Kits va Nevis"
	},
	"LC": {
		"name": "Sent-Lyusiya"
	},
	"MF": {
		"name": "Sent-Martin"
	},
	"VC": {
		"name": "Sent-Vinsent va Grenadin"
	},
	"RS": {
		"name": "Serbiya"
	},
	"EA": {
		"name": "Seuta va Melilya"
	},
	"SC": {
		"name": "Seyshel orollari"
	},
	"KP": {
		"name": "Shimoliy Koreya"
	},
	"MP": {
		"name": "Shimoliy Mariana orollari"
	},
	"LK": {
		"name": "Shri-Lanka"
	},
	"SE": {
		"name": "Shvetsiya"
	},
	"CH": {
		"name": "Shveytsariya"
	},
	"SG": {
		"name": "Singapur"
	},
	"SX": {
		"name": "Sint-Marten"
	},
	"SK": {
		"name": "Slovakiya"
	},
	"SI": {
		"name": "Sloveniya"
	},
	"SB": {
		"name": "Solomon orollari"
	},
	"SO": {
		"name": "Somali"
	},
	"SD": {
		"name": "Sudan"
	},
	"SR": {
		"name": "Surinam"
	},
	"SY": {
		"name": "Suriya"
	},
	"SJ": {
		"name": "Svalbard va Yan-Mayen"
	},
	"SZ": {
		"name": "Svazilend"
	},
	"SL": {
		"name": "Syerra-Leone"
	},
	"TH": {
		"name": "Tailand"
	},
	"TZ": {
		"name": "Tanzaniya"
	},
	"TW": {
		"name": "Tayvan"
	},
	"TL": {
		"name": "Timor-Leste"
	},
	"TG": {
		"name": "Togo"
	},
	"TJ": {
		"name": "Tojikiston"
	},
	"TK": {
		"name": "Tokelau"
	},
	"TO": {
		"name": "Tonga"
	},
	"TT": {
		"name": "Trinidad va Tobago"
	},
	"TA": {
		"name": "Tristan-da-Kunya"
	},
	"TN": {
		"name": "Tunis"
	},
	"TR": {
		"name": "Turkiya"
	},
	"TM": {
		"name": "Turkmaniston"
	},
	"TC": {
		"name": "Turks va Kaykos orollari"
	},
	"TV": {
		"name": "Tuvalu"
	},
	"UG": {
		"name": "Uganda"
	},
	"UA": {
		"name": "Ukraina"
	},
	"OM": {
		"name": "Ummon"
	},
	"WF": {
		"name": "Uollis va Futuna"
	},
	"UY": {
		"name": "Urugvay"
	},
	"VU": {
		"name": "Vanuatu"
	},
	"VA": {
		"name": "Vatikan"
	},
	"VE": {
		"name": "Venesuela"
	},
	"HU": {
		"name": "Vengriya"
	},
	"VN": {
		"name": "Vyetnam"
	},
	"CN": {
		"name": "Xitoy"
	},
	"HR": {
		"name": "Xorvatiya"
	},
	"YE": {
		"name": "Yaman"
	},
	"JM": {
		"name": "Yamayka"
	},
	"NC": {
		"name": "Yangi Kaledoniya"
	},
	"NZ": {
		"name": "Yangi Zelandiya"
	},
	"JP": {
		"name": "Yaponiya"
	},
	"ZM": {
		"name": "Zambiya"
	},
	"ZW": {
		"name": "Zimbabve"
	}
}