{
	"AX": {
		"name": "Åland Islands"
	},
	"DZ": {
		"name": "Algeria"
	},
	"AS": {
		"name": "American Samoa"
	},
	"AI": {
		"name": "Anguilla"
	},
	"AC": {
		"name": "Ascension Island"
	},
	"AZ": {
		"name": "Azerbaijan"
	},
	"BH": {
		"name": "Bahrain"
	},
	"IO": {
		"name": "British Indian Ocean Territory"
	},
	"VG": {
		"name": "British Virgin Islands"
	},
	"BQ": {
		"name": "Caribbean Netherlands"
	},
	"EA": {
		"name": "Ceuta & Melilla"
	},
	"CX": {
		"name": "Christmas Island"
	},
	"CC": {
		"name": "Cocos (Keeling) Islands"
	},
	"CG": {
		"name": "Congo - Brazzaville"
	},
	"CY": {
		"name": "Cyprus"
	},
	"DG": {
		"name": "Diego Garcia"
	},
	"TF": {
		"name": "French Southern Territories"
	},
	"HK": {
		"name": "Hong Kong SAR China"
	},
	"IQ": {
		"name": "Iraq"
	},
	"IM": {
		"name": "Isle of Man"
	},
	"JO": {
		"name": "Jordan"
	},
	"KZ": {
		"name": "Kazakhstan"
	},
	"KW": {
		"name": "Kuwait"
	},
	"KG": {
		"name": "Kyrgyzstan"
	},
	"MO": {
		"name": "Macau SAR China"
	},
	"NR": {
		"name": "Nauru"
	},
	"NU": {
		"name": "Niue"
	},
	"KP": {
		"name": "North Korea"
	},
	"MP": {
		"name": "Northern Mariana Islands"
	},
	"OM": {
		"name": "Oman"
	},
	"PW": {
		"name": "Palau"
	},
	"PS": {
		"name": "Palestinian Territories"
	},
	"SA": {
		"name": "Saudi Arabia"
	},
	"SX": {
		"name": "Sint Maarten"
	},
	"GS": {
		"name": "South Georgia & South Sandwich Islands"
	},
	"KR": {
		"name": "South Korea"
	},
	"BL": {
		"name": "St. Barthélemy"
	},
	"KN": {
		"name": "St. Kitts & Nevis"
	},
	"LC": {
		"name": "St. Lucia"
	},
	"MF": {
		"name": "St. Martin"
	},
	"PM": {
		"name": "St. Pierre & Miquelon"
	},
	"VC": {
		"name": "St. Vincent & Grenadines"
	},
	"SJ": {
		"name": "Svalbard & Jan Mayen"
	},
	"TW": {
		"name": "Taiwan"
	},
	"TJ": {
		"name": "Tajikistan"
	},
	"TL": {
		"name": "Timor-Leste"
	},
	"TK": {
		"name": "Tokelau"
	},
	"TA": {
		"name": "Tristan da Cunha"
	},
	"TC": {
		"name": "Turks & Caicos Islands"
	},
	"UM": {
		"name": "U.S. Outlying Islands"
	},
	"VI": {
		"name": "U.S. Virgin Islands"
	},
	"AE": {
		"name": "United Arab Emirates"
	},
	"UZ": {
		"name": "Uzbekistan"
	},
	"WF": {
		"name": "Wallis & Futuna"
	},
	"EH": {
		"name": "Western Sahara"
	},
	"UG": {
		"name": "אוגאַנדע"
	},
	"AU": {
		"name": "אויסטראַליע"
	},
	"HU": {
		"name": "אונגערן"
	},
	"UA": {
		"name": "אוקראַינע"
	},
	"UY": {
		"name": "אורוגוויי"
	},
	"IT": {
		"name": "איטאַליע"
	},
	"ID": {
		"name": "אינדאנעזיע"
	},
	"IN": {
		"name": "אינדיע"
	},
	"IS": {
		"name": "איסלאַנד"
	},
	"IR": {
		"name": "איראַן"
	},
	"IE": {
		"name": "אירלאַנד"
	},
	"AL": {
		"name": "אַלבאַניע"
	},
	"AO": {
		"name": "אַנגאלע"
	},
	"AD": {
		"name": "אַנדארע"
	},
	"AQ": {
		"name": "אַנטאַרקטיקע"
	},
	"AG": {
		"name": "אַנטיגוע און באַרבודע"
	},
	"AF": {
		"name": "אַפֿגהאַניסטאַן"
	},
	"AR": {
		"name": "אַרגענטינע"
	},
	"AW": {
		"name": "אַרובאַ"
	},
	"AM": {
		"name": "אַרמעניע"
	},
	"BS": {
		"name": "באַהאַמאַס"
	},
	"BO": {
		"name": "באליוויע"
	},
	"BD": {
		"name": "באַנגלאַדעש"
	},
	"BA": {
		"name": "באסניע הערצעגאווינע"
	},
	"BW": {
		"name": "באצוואַנע"
	},
	"BB": {
		"name": "באַרבאַדאס"
	},
	"BT": {
		"name": "בהוטאַן"
	},
	"BG": {
		"name": "בולגאַריע"
	},
	"BI": {
		"name": "בורונדי"
	},
	"BF": {
		"name": "בורקינע פֿאַסא"
	},
	"BY": {
		"name": "בעלאַרוס"
	},
	"BE": {
		"name": "בעלגיע"
	},
	"BZ": {
		"name": "בעליז"
	},
	"BJ": {
		"name": "בענין"
	},
	"BM": {
		"name": "בערמודע"
	},
	"BR": {
		"name": "בראַזיל"
	},
	"BN": {
		"name": "ברוניי"
	},
	"GA": {
		"name": "גאַבאן"
	},
	"GM": {
		"name": "גאַמביע"
	},
	"GH": {
		"name": "גהאַנע"
	},
	"GP": {
		"name": "גוואַדעלופ"
	},
	"GT": {
		"name": "גוואַטעמאַלע"
	},
	"GU": {
		"name": "גוואַם"
	},
	"GY": {
		"name": "גויאַנע"
	},
	"GI": {
		"name": "גיבראַלטאַר"
	},
	"GN": {
		"name": "גינע"
	},
	"GW": {
		"name": "גינע־ביסאַו"
	},
	"GG": {
		"name": "גערנזי"
	},
	"GE": {
		"name": "גרוזיע"
	},
	"GR": {
		"name": "גריכנלאַנד"
	},
	"GL": {
		"name": "גרינלאַנד"
	},
	"GD": {
		"name": "גרענאַדאַ"
	},
	"DO": {
		"name": "דאמיניקאַנישע רעפּובליק"
	},
	"DM": {
		"name": "דאמיניקע"
	},
	"JM": {
		"name": "דזשאַמייקע"
	},
	"DJ": {
		"name": "דזשיבוטי"
	},
	"JE": {
		"name": "דזשערזי"
	},
	"DE": {
		"name": "דייטשלאַנד"
	},
	"DK": {
		"name": "דענמאַרק"
	},
	"ZA": {
		"name": "דרום־אַפֿריקע"
	},
	"SS": {
		"name": "דרום־סודאַן"
	},
	"HT": {
		"name": "האַיטי"
	},
	"NL": {
		"name": "האלאַנד"
	},
	"HN": {
		"name": "האנדוראַס"
	},
	"CI": {
		"name": "העלפֿאַ נדביין בארטן"
	},
	"VA": {
		"name": "וואַטיקאַן שטאָט"
	},
	"VU": {
		"name": "וואַנואַטו"
	},
	"VN": {
		"name": "וויעטנאַם"
	},
	"VE": {
		"name": "ווענעזועלע"
	},
	"ZM": {
		"name": "זאַמביע"
	},
	"ZW": {
		"name": "זימבאַבווע"
	},
	"TG": {
		"name": "טאגא"
	},
	"TO": {
		"name": "טאנגאַ"
	},
	"TZ": {
		"name": "טאַנזאַניע"
	},
	"TV": {
		"name": "טואוואַלו"
	},
	"TN": {
		"name": "טוניסיע"
	},
	"TM": {
		"name": "טורקמעניסטאַן"
	},
	"TH": {
		"name": "טיילאַנד"
	},
	"TR": {
		"name": "טערקיי"
	},
	"TT": {
		"name": "טרינידאַד און טאבאַגא"
	},
	"TD": {
		"name": "טשאַד"
	},
	"CL": {
		"name": "טשילע"
	},
	"CZ": {
		"name": "טשעכיי"
	},
	"JP": {
		"name": "יאַפּאַן"
	},
	"IL": {
		"name": "ישראל"
	},
	"CN": {
		"name": "כינע"
	},
	"LA": {
		"name": "לאַאס"
	},
	"LB": {
		"name": "לבנון"
	},
	"LU": {
		"name": "לוקסעמבורג"
	},
	"LY": {
		"name": "ליביע"
	},
	"LR": {
		"name": "ליבעריע"
	},
	"LT": {
		"name": "ליטע"
	},
	"LI": {
		"name": "ליכטנשטיין"
	},
	"LV": {
		"name": "לעטלאַנד"
	},
	"LS": {
		"name": "לעסאטא"
	},
	"MG": {
		"name": "מאַדאַגאַסקאַר"
	},
	"MZ": {
		"name": "מאזאַמביק"
	},
	"YT": {
		"name": "מאַיאט"
	},
	"MW": {
		"name": "מאַלאַווי"
	},
	"MD": {
		"name": "מאלדאווע"
	},
	"MV": {
		"name": "מאַלדיוון"
	},
	"MT": {
		"name": "מאַלטאַ"
	},
	"ML": {
		"name": "מאַלי"
	},
	"MY": {
		"name": "מאַלייזיע"
	},
	"MC": {
		"name": "מאנאַקא"
	},
	"MN": {
		"name": "מאנגאליי"
	},
	"MS": {
		"name": "מאנטסעראַט"
	},
	"ME": {
		"name": "מאנטענעגרא"
	},
	"MK": {
		"name": "מאַקעדאניע"
	},
	"MA": {
		"name": "מאַראקא"
	},
	"MQ": {
		"name": "מאַרטיניק"
	},
	"MR": {
		"name": "מאַריטאַניע"
	},
	"MU": {
		"name": "מאריציוס"
	},
	"MH": {
		"name": "מאַרשאַל אינזלען"
	},
	"MM": {
		"name": "מיאַנמאַר"
	},
	"FM": {
		"name": "מיקראנעזיע"
	},
	"MX": {
		"name": "מעקסיקע"
	},
	"NA": {
		"name": "נאַמיביע"
	},
	"NO": {
		"name": "נארוועגיע"
	},
	"NF": {
		"name": "נארפֿאלק אינזל"
	},
	"NG": {
		"name": "ניגעריע"
	},
	"NZ": {
		"name": "ניו זילאַנד"
	},
	"NE": {
		"name": "ניזשער"
	},
	"NC": {
		"name": "נײַ קאַלעדאניע"
	},
	"NI": {
		"name": "ניקאַראַגוע"
	},
	"NP": {
		"name": "נעפּאַל"
	},
	"ST": {
		"name": "סאַא טאמע און פּרינסיפּע"
	},
	"SB": {
		"name": "סאלאמאן אינזלען"
	},
	"WS": {
		"name": "סאַמאאַ"
	},
	"SO": {
		"name": "סאמאַליע"
	},
	"SM": {
		"name": "סאַן מאַרינא"
	},
	"SD": {
		"name": "סודאַן"
	},
	"SZ": {
		"name": "סוואַזילאַנד"
	},
	"SR": {
		"name": "סורינאַם"
	},
	"SH": {
		"name": "סט העלענע"
	},
	"SC": {
		"name": "סיישעל"
	},
	"SG": {
		"name": "סינגאַפּור"
	},
	"SL": {
		"name": "סיערע לעאנע"
	},
	"SY": {
		"name": "סיריע"
	},
	"SK": {
		"name": "סלאוואַקיי"
	},
	"SI": {
		"name": "סלאוועניע"
	},
	"SN": {
		"name": "סענעגאַל"
	},
	"RS": {
		"name": "סערביע"
	},
	"LK": {
		"name": "סרי־לאַנקאַ"
	},
	"EG": {
		"name": "עגיפּטן"
	},
	"ET": {
		"name": "עטיאפּיע"
	},
	"SV": {
		"name": "על סאַלוואַדאר"
	},
	"EE": {
		"name": "עסטלאַנד"
	},
	"AT": {
		"name": "עסטרייך"
	},
	"EC": {
		"name": "עקוואַדאר"
	},
	"GQ": {
		"name": "עקוואַטארישע גינע"
	},
	"ER": {
		"name": "עריטרעע"
	},
	"FK": {
		"name": "פֿאַלקלאַנד אינזלען"
	},
	"PA": {
		"name": "פּאַנאַמאַ"
	},
	"PG": {
		"name": "פּאַפּואַ נײַ גינע"
	},
	"PK": {
		"name": "פּאַקיסטאַן"
	},
	"FO": {
		"name": "פֿאַרא אינזלען"
	},
	"PY": {
		"name": "פּאַראַגווײַ"
	},
	"GB": {
		"name": "פֿאַראייניגטע קעניגרייך"
	},
	"US": {
		"name": "פֿאַראייניגטע שטאַטן"
	},
	"PR": {
		"name": "פּארטא־ריקא"
	},
	"PT": {
		"name": "פּארטוגאַל"
	},
	"PL": {
		"name": "פּוילן"
	},
	"FJ": {
		"name": "פֿידזשי"
	},
	"PN": {
		"name": "פּיטקערן אינזלען"
	},
	"PH": {
		"name": "פֿיליפּינען"
	},
	"FI": {
		"name": "פֿינלאַנד"
	},
	"PE": {
		"name": "פּערו"
	},
	"GF": {
		"name": "פֿראַנצויזישע גויאַנע"
	},
	"PF": {
		"name": "פֿראַנצויזישע פּאלינעזיע"
	},
	"FR": {
		"name": "פֿראַנקרייך"
	},
	"CF": {
		"name": "צענטראַל־אַפֿריקאַנישע רעפּובליק"
	},
	"QA": {
		"name": "קאַטאַר"
	},
	"CO": {
		"name": "קאלאמביע"
	},
	"KM": {
		"name": "קאמאראס"
	},
	"KH": {
		"name": "קאַמבאדיע"
	},
	"CM": {
		"name": "קאַמערון"
	},
	"CA": {
		"name": "קאַנאַדע"
	},
	"IC": {
		"name": "קאַנאַרישע אינזלען"
	},
	"CD": {
		"name": "קאנגא־קינשאַזע"
	},
	"XK": {
		"name": "קאסאווא"
	},
	"CR": {
		"name": "קאסטאַ ריקאַ"
	},
	"CV": {
		"name": "קאַפּווערדישע אינזלען"
	},
	"CU": {
		"name": "קובאַ"
	},
	"CK": {
		"name": "קוק אינזלען"
	},
	"CW": {
		"name": "קוראַסאַא"
	},
	"KY": {
		"name": "קיימאַן אינזלען"
	},
	"KI": {
		"name": "קיריבאַטי"
	},
	"KE": {
		"name": "קעניע"
	},
	"HR": {
		"name": "קראאַטיע"
	},
	"RW": {
		"name": "רוואַנדע"
	},
	"RO": {
		"name": "רומעניע"
	},
	"RU": {
		"name": "רוסלאַנד"
	},
	"RE": {
		"name": "רעאוניאן"
	},
	"CH": {
		"name": "שווייץ"
	},
	"SE": {
		"name": "שוועדן"
	},
	"ES": {
		"name": "שפּאַניע"
	},
	"YE": {
		"name": "תימן"
	}
}